,Tweet
0,"RT @aroihours: р╕Ър╕╕р╕Яр╣Ар╕Яр╣Ир╕Хр╣Мр╣Ар╕Бр╕▓р╕лр╕ер╕╡ р╕Ыр╕гр╕╕р╕Зр╕гр╕кр╕Щр╣Йр╕│р╕Лр╕╕р╕Ыр╣Ар╕нр╕З р╕Хр╣Кр╕нр╕Бр╕лр╕ер╕▓р╕Бр╕лр╕ер╕▓р╕в р╣Ар╕Др╕гр╕╖р╣Ир╕нр╕Зр╣Ар╕Др╕╡р╕вр╕Зр╣Ар╕Фр╣Зр╕Ф р╣Др╕Бр╣Ир╕Чр╕нр╕Фр╕кр╕╣р╕Хр╕гр╣Ар╕Бр╕▓р╕лр╕ер╕╡ р╕Ыр╕ер╕▓р╕лр╕бр╕╢р╕Бр╕Чр╕нр╕Фр╕Бр╕гр╕нр╕Ъ р╕зр╕╕р╣Йр╕Щр╣Ар╕кр╣Йр╕Щр╕кр╕▓р╕лр╕гр╣Ир╕▓р╕в ЁЯШЫЁЯТЦ 

ЁЯУНDookki ToтАж"
1,"RT @bemyfriendds: р╕Кр╕зр╕Щр╕лр╕┤р╕зр╕вр╕▓р╕бр╕Фр╕╢р╕Бр╕Бр╕▒р╕Ъ Aso Tonkatsu р╕лр╕бр╕╣р╕Чр╕нр╕Фр╕Кр╕╡р╕кр╣Ар╕вр╕┤р╣Йр╕б+р╣Ар╕Хр╕┤р╕бр╣Ар╕Др╕гр╕╖р╣Ир╕нр╕Зр╣Ар╕Др╕╡р╕вр╕Зр╕Яр╕гр╕╡р╣Др╕бр╣Ир╕нр╕▒р╣Йр╕Щ!
-
р╕Чр╕Зр╕Хр╕▒р╕Хр╕кр╕╢р╕гр╣Йр╕▓р╕Щр╕вр╣Ир╕нр╕б р╕Ър╕гр╕гр╕вр╕▓р╕Бр╕▓р╕ир╕кр╕Ър╕▓р╕вр╣Ар╕Ыр╣Зр╕Щр╕Ър╕▓р╕гр╣Мр╕Щр╕▒р╣Ир╕З р╕бр╕╡р╕кр╕▓р╕Вр╕▓тАж"
2,"RT @bemyfriendds: р╕Кр╕зр╕Щр╕лр╕┤р╕зр╕вр╕▓р╕бр╕Фр╕╢р╕Бр╕Бр╕▒р╕Ъ Aso Tonkatsu р╕лр╕бр╕╣р╕Чр╕нр╕Фр╕Кр╕╡р╕кр╣Ар╕вр╕┤р╣Йр╕б+р╣Ар╕Хр╕┤р╕бр╣Ар╕Др╕гр╕╖р╣Ир╕нр╕Зр╣Ар╕Др╕╡р╕вр╕Зр╕Яр╕гр╕╡р╣Др╕бр╣Ир╕нр╕▒р╣Йр╕Щ!
-
р╕Чр╕Зр╕Хр╕▒р╕Хр╕кр╕╢р╕гр╣Йр╕▓р╕Щр╕вр╣Ир╕нр╕б р╕Ър╕гр╕гр╕вр╕▓р╕Бр╕▓р╕ир╕кр╕Ър╕▓р╕вр╣Ар╕Ыр╣Зр╕Щр╕Ър╕▓р╕гр╣Мр╕Щр╕▒р╣Ир╕З р╕бр╕╡р╕кр╕▓р╕Вр╕▓тАж"
3,"RT @bemyfriendds: р╕Кр╕зр╕Щр╕лр╕┤р╕зр╕вр╕▓р╕бр╕Фр╕╢р╕Бр╕Бр╕▒р╕Ъ Aso Tonkatsu р╕лр╕бр╕╣р╕Чр╕нр╕Фр╕Кр╕╡р╕кр╣Ар╕вр╕┤р╣Йр╕б+р╣Ар╕Хр╕┤р╕бр╣Ар╕Др╕гр╕╖р╣Ир╕нр╕Зр╣Ар╕Др╕╡р╕вр╕Зр╕Яр╕гр╕╡р╣Др╕бр╣Ир╕нр╕▒р╣Йр╕Щ!
-
р╕Чр╕Зр╕Хр╕▒р╕Хр╕кр╕╢р╕гр╣Йр╕▓р╕Щр╕вр╣Ир╕нр╕б р╕Ър╕гр╕гр╕вр╕▓р╕Бр╕▓р╕ир╕кр╕Ър╕▓р╕вр╣Ар╕Ыр╣Зр╕Щр╕Ър╕▓р╕гр╣Мр╕Щр╕▒р╣Ир╕З р╕бр╕╡р╕кр╕▓р╕Вр╕▓тАж"
4,"RT @bemyfriendds: р╕Кр╕зр╕Щр╕лр╕┤р╕зр╕вр╕▓р╕бр╕Фр╕╢р╕Бр╕Бр╕▒р╕Ъ Aso Tonkatsu р╕лр╕бр╕╣р╕Чр╕нр╕Фр╕Кр╕╡р╕кр╣Ар╕вр╕┤р╣Йр╕б+р╣Ар╕Хр╕┤р╕бр╣Ар╕Др╕гр╕╖р╣Ир╕нр╕Зр╣Ар╕Др╕╡р╕вр╕Зр╕Яр╕гр╕╡р╣Др╕бр╣Ир╕нр╕▒р╣Йр╕Щ!
-
р╕Чр╕Зр╕Хр╕▒р╕Хр╕кр╕╢р╕гр╣Йр╕▓р╕Щр╕вр╣Ир╕нр╕б р╕Ър╕гр╕гр╕вр╕▓р╕Бр╕▓р╕ир╕кр╕Ър╕▓р╕вр╣Ар╕Ыр╣Зр╕Щр╕Ър╕▓р╕гр╣Мр╕Щр╕▒р╣Ир╕З р╕бр╕╡р╕кр╕▓р╕Вр╕▓тАж"
5,"RT @seedsbymoli: тЭдр╕гр╕╡р╕зр╕┤р╕зр╕кр╣Ир╕зр╕Щр╕лр╕Щр╕╢р╣Ир╕Зр╕Ир╕▓р╕Бр╕ер╕╣р╕Бр╕Др╣Йр╕▓тЭд

р╕Вр╕нр╕Ър╕Др╕╕р╕Ур╕ер╕╣р╕Бр╕Др╣Йр╕▓р╕Чр╕╡р╣Ир╕Щр╣Ир╕▓р╕гр╕▒р╕Бр╕Чр╕╕р╕Бр╕Др╕Щр╕Щр╕░р╕Др╣Ир╕▓р╕▓ЁЯе░
р╕кр╕Щр╣Гр╕Ир╕кр╕┤р╕Щр╕Др╣Йр╕▓р╕Чр╕▒р╕Бр╕бр╕▓р╕кр╕нр╕Ър╕Цр╕▓р╕бр╕Бр╣Ир╕нр╕Щр╣Др╕Фр╣Йр╣Ар╕ер╕вр╕Др╣Ир╕▓р╕▓

#р╕Вр╕нр╕Зр╕зр╣Ир╕▓р╕З #р╕Шр╕▒р╕Нр╕Юр╕╖р╕Кр╕нр╕Ър╕Бр╕гр╕нр╕Ъ #тАж"
6,"тЭдр╕гр╕╡р╕зр╕┤р╕зр╕кр╣Ир╕зр╕Щр╕лр╕Щр╕╢р╣Ир╕Зр╕Ир╕▓р╕Бр╕ер╕╣р╕Бр╕Др╣Йр╕▓тЭд

р╕Вр╕нр╕Ър╕Др╕╕р╕Ур╕ер╕╣р╕Бр╕Др╣Йр╕▓р╕Чр╕╡р╣Ир╕Щр╣Ир╕▓р╕гр╕▒р╕Бр╕Чр╕╕р╕Бр╕Др╕Щр╕Щр╕░р╕Др╣Ир╕▓р╕▓ЁЯе░
р╕кр╕Щр╣Гр╕Ир╕кр╕┤р╕Щр╕Др╣Йр╕▓р╕Чр╕▒р╕Бр╕бр╕▓р╕кр╕нр╕Ър╕Цр╕▓р╕бр╕Бр╣Ир╕нр╕Щр╣Др╕Фр╣Йр╣Ар╕ер╕вр╕Др╣Ир╕▓р╕▓

#р╕Вр╕нр╕Зр╕зр╣Ир╕▓р╕З #р╕Шр╕▒р╕Нр╕Юр╕╖р╕Кр╕нр╕Ър╕Бр╕гр╕нр╕Ъ #р╕Вр╕нр╕Зр╕Фр╕╡р╕Ър╕нр╕Бр╕Хр╣Ир╕н #р╕Вр╕Щр╕бр╕кр╕╕р╕Вр╕ар╕▓р╕Ю #р╕Вр╕Щр╕бр╕ер╕Фр╕Щр╣Йр╕│р╕лр╕Щр╕▒р╕Б #р╕Шр╕▒р╕Нр╕Юр╕╖р╕Кр╕нр╕Ър╣Бр╕лр╣Йр╕З #р╕гр╕╡р╕зр╕┤р╕зр╕нр╕▓р╕лр╕▓р╕г #fypуВ╖уГД #р╕нр╕гр╣Ир╕нр╕вр╕Ир╕▒р╕З #р╕нр╕гр╣Ир╕нр╕вр╕Ър╕нр╕Бр╕Хр╣Ир╕н #р╣Ар╕бр╕ер╣Зр╕Фр╕Шр╕▒р╕Нр╕Юр╕╖р╕К #р╣Ар╕бр╣Зр╕Фр╕Яр╕▒р╕Бр╕Чр╕нр╕Зр╕нр╕Ър╕нр╕▒р╕Фр╣Бр╕Чр╣Ир╕З https://t.co/GHEVGtsW2e"
7,"RT @aroihours: р╕Ър╕╕р╕Яр╣Ар╕Яр╣Ир╕Хр╣Мр╣Ар╕Бр╕▓р╕лр╕ер╕╡ р╕Ыр╕гр╕╕р╕Зр╕гр╕кр╕Щр╣Йр╕│р╕Лр╕╕р╕Ыр╣Ар╕нр╕З р╕Хр╣Кр╕нр╕Бр╕лр╕ер╕▓р╕Бр╕лр╕ер╕▓р╕в р╣Ар╕Др╕гр╕╖р╣Ир╕нр╕Зр╣Ар╕Др╕╡р╕вр╕Зр╣Ар╕Фр╣Зр╕Ф р╣Др╕Бр╣Ир╕Чр╕нр╕Фр╕кр╕╣р╕Хр╕гр╣Ар╕Бр╕▓р╕лр╕ер╕╡ р╕Ыр╕ер╕▓р╕лр╕бр╕╢р╕Бр╕Чр╕нр╕Фр╕Бр╕гр╕нр╕Ъ р╕зр╕╕р╣Йр╕Щр╣Ар╕кр╣Йр╕Щр╕кр╕▓р╕лр╕гр╣Ир╕▓р╕в ЁЯШЫЁЯТЦ 

ЁЯУНDookki ToтАж"
8,"р╕вр╕▒р╣Ир╕зр╕вр╕▓р╕бр╕Фр╕╢р╕БЁЯНа

#р╕нр╕гр╣Ир╕нр╕вр╕Ър╕нр╕Бр╕Хр╣Ир╕н #р╕нр╕гр╣Ир╕нр╕вр╣Др╕Ыр╣Бр╕Фр╕Б #р╕Вр╕нр╕Зр╕Фр╕╡р╕Ър╕нр╕Бр╕Хр╣Ир╕н #р╕Кр╕╡р╣Йр╣Ар╕Ыр╣Йр╕▓ #р╕Кр╕╡р╣Йр╣Ар╕Ыр╣Йр╕▓р╣Вр╕Ыр╕гр╕Цр╕╣р╕Б #р╕гр╕╡р╕зр╕┤р╕зр╕нр╕▓р╕лр╕▓р╕г #р╕Вр╕Щр╕бр╣Ар╕Бр╕▓р╕лр╕ер╕╡ #р╕нр╕гр╣Ир╕нр╕вр╕Ир╕Щр╕Хр╣Йр╕нр╕Зр╕гр╕╡р╕зр╕┤р╕з #р╕нр╕гр╣Ир╕нр╕вр╣Ар╕Кр╕╡р╕вр╕Зр╣Гр╕лр╕бр╣И #LazadaTH #ShopeeTH https://t.co/xYPEMOyEpN"
9,"RT @lwAyP5hSMT5fM9d: р╣Бр╕Ыр╕░р╣Др╕зр╣Йр╕кр╣Ир╕нр╕ЗЁЯУМ

тЧ╛р╕Др╕зр╕▓р╕бр╕Зр╕▓р╕б
#р╕гр╕╡р╕зр╕┤р╕зр╕кр╕Бр╕┤р╕Щр╣Бр╕Др╕гр╣М 
#р╕гр╕╡р╕зр╕┤р╕зр╣Ар╕Лр╣Ар╕зр╣Ир╕Щ 
#р╕Йр╕▒р╕Щр╕Ир╕░р╕Вр╕▓р╕з 
#р╕Йр╕▒р╕Щр╕Ир╕░р╕Ьр╕нр╕б 
#р╕Йр╕▒р╕Щр╕Ир╕░р╕кр╕зр╕в 
#howtoperfact 
#HowtoBeauty 
 
тЧ╛р╣АтАж"
10,RT @PKoreaitem: #р╕гр╕╡р╕зр╕┤р╕зр╣Ар╕Бр╕▓р╕лр╕ер╕╡ #р╕Кр╕╡р╣Йр╣Ар╕Ыр╣Йр╕▓ р╕гр╕╡р╕зр╕┤р╕зр╕гр╣Йр╕▓р╕Щ churro101  р╕нр╕вр╕╣р╣Ир╕Хр╕гр╕Зр╕ор╕Зр╣Бр╕Ф р╕бр╕╡р╕лр╕ер╕▓р╕вр╣Бр╕Ър╕Ър╣Гр╕лр╣Йр╣Ар╕ер╕╖р╕нр╕Бр╕лр╕ер╕▓р╕вр╣Бр╕Ър╕Ъ р╣Бр╕Хр╣Ир╣Ар╕гр╕▓р╕нр╕вр╕▓р╕Бр╕ер╕нр╕Зр╣Ар╕Щр╕Чр╕╣р╕ер╣Ир╕▓ р╣Ар╕Юр╕╖р╣Ир╕нр╕Щр╕Бр╣Зр╕Бр╕┤р╕Щр╣Ар╕лр╕бр╕╖р╕нр╕Щр╕Бр╕▒р╕Щр╕лр╕бтАж
11,"RT @petitepenne: тАФЁЯНиhomglin cafe 
р╕Др╕▓р╣Ар╕Яр╣Ир╕лр╕нр╕бр╕Бр╕ер╕┤р╣Ир╕Щр╕Чр╕╡р╣Ир╕нр╕вр╕╕р╕Шр╕вр╕▓р╕Др╕╖р╕нр╕Фр╕╡р╕бр╕▓р╕Бр╕Бр╕Бр╕Б р╕Вр╕Щр╕бр╕нр╕гр╣Ир╕нр╕в р╕нр╕вр╣Ир╕▓р╕Зр╕Чр╕▒р╕Ър╕Чр╕┤р╕бр╕Бр╕гр╕нр╕Ър╕Др╕╖р╕нр╕Ыр╕▒р╕Зр╣Др╕бр╣Ир╣Др╕лр╕з р╕бр╕╡р╕Вр╕Щр╕бр╣Др╕Чр╕вр╕лр╕▓р╕Бр╕┤р╕Щр╕вр╕▓р╕Бр╕Юр╕зр╕Бр╣Ар╕кр╕Щр╣Ир╕лр╣Мр╕Ир╕▒р╕Щр╕Чр╕гр╣М р╣Ар╕Вр╕╡тАж"
12,RT @samchaikhonkaen: #р╕Вр╣Йр╕▓р╕зр╕Хр╣Йр╕бр╕лр╕бр╕╣ #р╕Вр╣Йр╕▓р╕зр╕Хр╣Йр╕бр╕Ыр╕ер╕▓р╕Бр╕гр╕░р╕Юр╕З ЁЯН▓ р╣Ар╕Щр╕╖р╣Йр╕нр╕Ыр╕ер╕▓р╕Бр╕гр╕░р╕Юр╕Зр╣Бр╕Щр╣Ир╕Щр╣Жр╕Вр╕┤р╣Йр╕Щр╣Гр╕лр╕Нр╣И р╕лр╕нр╕бр╕Щр╣Йр╕│р╕Лр╕╕р╕Ы р╕нр╕▓р╕Бр╕▓р╕ир╣Ар╕Кр╣Йр╕▓р╣Жр╕Бр╕▒р╕Ър╕Щр╣Йр╕│р╕Лр╕╕р╕Ыр╕гр╣Йр╕нр╕Щр╣Ж #р╕Щр╣Йр╕│р╕Ир╕┤р╣Йр╕бр╣Ар╕Хр╣Йр╕▓р╣Ар╕Ир╕╡р╣Йр╕вр╕зр╕Чр╕╡р╣Ар╕Фр╣Зр╕ФтАж
13,"RT @lwAyP5hSMT5fM9d: р╣Бр╕Ыр╕░р╣Др╕зр╣Йр╕кр╣Ир╕нр╕ЗЁЯУМ

тЧ╛р╕Др╕зр╕▓р╕бр╕Зр╕▓р╕б
#р╕гр╕╡р╕зр╕┤р╕зр╕кр╕Бр╕┤р╕Щр╣Бр╕Др╕гр╣М 
#р╕гр╕╡р╕зр╕┤р╕зр╣Ар╕Лр╣Ар╕зр╣Ир╕Щ 
#р╕Йр╕▒р╕Щр╕Ир╕░р╕Вр╕▓р╕з 
#р╕Йр╕▒р╕Щр╕Ир╕░р╕Ьр╕нр╕б 
#р╕Йр╕▒р╕Щр╕Ир╕░р╕кр╕зр╕в 
#howtoperfact 
#HowtoBeauty 
 
тЧ╛р╣АтАж"
14,RT @PKoreaitem: #р╕гр╕╡р╕зр╕┤р╕зр╣Ар╕Бр╕▓р╕лр╕ер╕╡ #р╕Кр╕╡р╣Йр╣Ар╕Ыр╣Йр╕▓ р╕гр╕╡р╕зр╕┤р╕зр╕гр╣Йр╕▓р╕Щ churro101  р╕нр╕вр╕╣р╣Ир╕Хр╕гр╕Зр╕ор╕Зр╣Бр╕Ф р╕бр╕╡р╕лр╕ер╕▓р╕вр╣Бр╕Ър╕Ър╣Гр╕лр╣Йр╣Ар╕ер╕╖р╕нр╕Бр╕лр╕ер╕▓р╕вр╣Бр╕Ър╕Ъ р╣Бр╕Хр╣Ир╣Ар╕гр╕▓р╕нр╕вр╕▓р╕Бр╕ер╕нр╕Зр╣Ар╕Щр╕Чр╕╣р╕ер╣Ир╕▓ р╣Ар╕Юр╕╖р╣Ир╕нр╕Щр╕Бр╣Зр╕Бр╕┤р╕Щр╣Ар╕лр╕бр╕╖р╕нр╕Щр╕Бр╕▒р╕Щр╕лр╕бтАж
15,р╕Кр╣Ир╕зр╕Зр╕Щр╕╡р╣Йр╕нр╕вр╕▓р╕Бр╕лр╕▓р╕нр╕░р╣Др╕гр╣Бр╕Чр╕Щ р╣Ар╕Щр╕в/р╣Бр╕вр╕б р╕бр╕▓р╕Бр╕┤р╕Щр╕Ър╣Йр╕▓р╕З р╣Ар╕ер╕вр╣Др╕Фр╣Йр╕ер╕нр╕Зр╕Др╕гр╕╡р╕бр╕Кр╕╡р╕кр╕Чр╕▓р╕Вр╕Щр╕бр╕Ыр╕▒р╕Зр╕Вр╕нр╕З Beqa р╕Бр╣Зр╣Гр╕Кр╣Йр╣Др╕Фр╣Йр╕Щр╕░ р╣Ар╕Щр╕╖р╣Йр╕нр╕Щр╕╕р╣Ир╕б р╕гр╕кр╕нр╕нр╕Бр╣Ар╕Ыр╕гр╕╡р╣Йр╕вр╕зр╕Щр╕┤р╕Фр╣Ж р╕бр╕▒р╕Щр╣Ж р╕лр╕нр╕бр╕Кр╕╡р╕кр╕нр╣Ир╕нр╕Щр╣Ж р╕Лр╕╖р╣Йр╕нр╕Ир╕▓р╕Б Tops р╕гр╕▓р╕Др╕▓р╕гр╣Йр╕нр╕вр╕Бр╕зр╣Ир╕▓р╕Ър╕▓р╕Ч #р╕гр╕╡р╕зр╕┤р╕зр╕Вр╕нр╕Зр╕Бр╕┤р╕Щ #р╕гр╕╡р╕зр╕┤р╕зр╕нр╕▓р╕лр╕▓р╕г https://t.co/Tlc1FoOk4d
16,"RT @bemyfriendds: р╕Ыр╕гр╕╡р╕Кр╕▓р╕Лр╕╡р╕Яр╕╣р╣Йр╕ФЁЯРЯЁЯН╜я╕П
р╕гр╣Йр╕▓р╕Щр╕нр╕▓р╕лр╕▓р╕гр╕нр╕гр╣Ир╕нр╕в р╕гр╕▓р╕Др╕▓р╣Др╕бр╣Ир╣Бр╕гр╕Зр╕бр╕▓р╕Б р╕Вр╕нр╕Зр╕кр╕Фр╕Фр╕╡ р╕Щр╣Йр╕│р╕Ир╕┤р╣Йр╕бр╕Фр╕╡ р╕Кр╕нр╕Ър╕лр╕нр╕вр╕Щр╕▓р╕Зр╕гр╕б р╣Ар╕Юр╕гр╕▓р╕░р╣Гр╕лр╣Йр╕бр╕▓р╕Хр╕▒р╕зр╣Гр╕лр╕Нр╣Ир╣Ар╕Щр╕╖р╣Йр╕нр╣Бр╕Щр╣Ир╕Щ р╕Чр╕╡р╣Ир╕Щр╕▒р╣Ир╕Зр╕бр╕╡р╕Чр╕▒р╣Йр╕Зр╕гр╕┤р╕бр╕Чр╕░р╣Ар╕етАж"
17,RT @chadarat226: р╣Др╕Ыр╕Бр╕┤р╕Щр╕Чр╕╕р╕Бр╕Др╕Щ р╕бр╕▒р╕Щр╣Гр╕лр╕Нр╣Ир╕бр╕▓р╕Б55555 р╣Бр╕Хр╣Ир╣Ар╕кр╕╡р╕вр╕Фр╕▓р╕вр╣Ар╕Щр╕╖р╣Йр╕нр╣Др╕бр╣Ир╕Др╣Ир╕нр╕вр╣Ар╕Ыр╕ер╕╖р╣Ир╕нр╕в р╣Бр╕Др╣Ир╕гр╕▓р╕Др╕▓р╕Фр╕╡ 290р╕┐ р╣Ар╕нр╕Зр╣Бр╕Бр╕гр╕гр╕г р╕Хр╣Йр╕нр╕Зр╣Др╕Ыр╕Бр╕┤р╕Щр╣Бр╕ер╣Йр╕зр╕бр╕▒р╣Кр╕в #р╕гр╕╡р╕зр╕┤р╕зр╕нр╕▓р╕лр╕▓р╕г #р╕Ир╣Кр╕нр╕Фр╣Бр╕Яр╕гр╣М #тАж
18,"RT @lwAyP5hSMT5fM9d: р╣Бр╕Ыр╕░р╣Др╕зр╣Йр╕кр╣Ир╕нр╕ЗЁЯУМ

тЧ╛р╕Др╕зр╕▓р╕бр╕Зр╕▓р╕б
#р╕гр╕╡р╕зр╕┤р╕зр╕кр╕Бр╕┤р╕Щр╣Бр╕Др╕гр╣М 
#р╕гр╕╡р╕зр╕┤р╕зр╣Ар╕Лр╣Ар╕зр╣Ир╕Щ 
#р╕Йр╕▒р╕Щр╕Ир╕░р╕Вр╕▓р╕з 
#р╕Йр╕▒р╕Щр╕Ир╕░р╕Ьр╕нр╕б 
#р╕Йр╕▒р╕Щр╕Ир╕░р╕кр╕зр╕в 
#howtoperfact 
#HowtoBeauty 
 
тЧ╛р╣АтАж"
19,"р╕гр╕╡р╕зр╕┤р╕з р╕Хр╣Кр╕нр╕Бр╕Ър╕Бр╕Бр╕╡ р╕Бр╕╢р╣Ир╕Зр╕кр╕│р╣Ар╕гр╣Зр╕Ир╕гр╕╣р╕Ы р╕кр╣Др╕Хр╕ер╣Мр╣Ар╕Бр╕▓р╕лр╕ер╕╡ р╕гр╕кр╣Ар╕Ьр╣Зр╕ФЁЯМ╢

#р╕Хр╣Кр╕нр╕Бр╕Ър╕Бр╕Бр╕╡ #р╕Хр╣Кр╕нр╕Бр╣Вр╕Ър╕Бр╕╡ #р╕гр╕╡р╕зр╕┤р╕зр╕нр╕▓р╕лр╕▓р╕г #р╕нр╕▓р╕лр╕▓р╕гр╣Ар╕Бр╕▓р╕лр╕ер╕╡ #р╣Ар╕Бр╕▓р╕лр╕ер╕╡ #TrueIdCreator #TrueIDFood #р╕нр╕▓р╕лр╕▓р╕г #р╕гр╕╡р╕зр╕┤р╕зр╕Хр╣Кр╕нр╕Бр╕Ър╕Бр╕Бр╕╡р╕Бр╕╢р╣Ир╕Зр╕кр╕│р╣Ар╕гр╣Зр╕Ир╕гр╕╣р╕Ы #р╕гр╕╡р╕зр╕┤р╕зр╕нр╕▓р╕лр╕▓р╕г #р╣Вр╕ер╕Хр╕▒р╕к #р╕Хр╣Кр╕нр╕Бр╕Ър╕Бр╕Бр╕╡р╕гр╕кр╣Ар╕Ьр╣Зр╕Ф #Food #р╕нр╕▓р╕лр╕▓р╕гр╕Бр╕╢р╣Ир╕Зр╕кр╕│р╣Ар╕гр╣Зр╕Ир╕гр╕╣р╕Ы #р╣Бр╕Ыр╣Йр╕Зр╕Хр╣Кр╕нр╕Б #р╕Вр╕Щр╕б #р╕Вр╕Щр╕бр╣Ар╕Бр╕▓р╕лр╕ер╕╡  
https://t.co/M9DkA4tO13"
20,"RT @neenaitiew: р╣Ар╕Чр╕╡р╣Ир╕вр╕з тАШLittle ParisтАЩ in Dalat р╕Ыр╕▒р╕Бр╕лр╕бр╕╕р╕Ф 5 Destination Don't Miss!!
р╕Фр╕╣р╕гр╕╡р╕зр╕┤р╕з --&gt; https://t.co/yRQtZLfx9z
#р╕лр╕Щр╕╡р╕Щр╕▓р╕вр╣Ар╕Чр╕╡р╣Ир╕вр╕з #р╕гр╕╡р╕зр╕┤р╕зр╣АтАж"
21,"р╣Гр╕Щр╕Зр╕▓р╕Щр╕Др╕Щр╣Ар╕вр╕нр╕░ р╣Ар╕Вр╣Йр╕▓р╣Др╕бр╣Ир╣Др╕Фр╣Й р╣Бр╕зр╕░р╣Др╕Ыр╕Бр╕┤р╕Щр╕нр╕░р╣Др╕гр╕нр╕гр╣Ир╕нр╕вр╣Жр╕лр╕Щр╣Йр╕▓р╕Зр╕▓р╕Щр╕Бр╣Зр╕вр╕▒р╕Зр╕Фр╕╡ #SiamCarnival #SiamCarnivalFunfair #р╕гр╕╡р╕зр╕┤р╕зр╕нр╕▓р╕лр╕▓р╕г
https://t.co/RN7DDQWDdY"
22,"RT @lwAyP5hSMT5fM9d: р╣Бр╕Ыр╕░р╣Др╕зр╣Йр╕кр╣Ир╕нр╕ЗЁЯУМ

тЧ╛р╕Др╕зр╕▓р╕бр╕Зр╕▓р╕б
#р╕гр╕╡р╕зр╕┤р╕зр╕кр╕Бр╕┤р╕Щр╣Бр╕Др╕гр╣М 
#р╕гр╕╡р╕зр╕┤р╕зр╣Ар╕Лр╣Ар╕зр╣Ир╕Щ 
#р╕Йр╕▒р╕Щр╕Ир╕░р╕Вр╕▓р╕з 
#р╕Йр╕▒р╕Щр╕Ир╕░р╕Ьр╕нр╕б 
#р╕Йр╕▒р╕Щр╕Ир╕░р╕кр╕зр╕в 
#howtoperfact 
#HowtoBeauty 
 
тЧ╛р╣АтАж"
23,"RT @lwAyP5hSMT5fM9d: р╣Бр╕Ыр╕░р╣Др╕зр╣Йр╕кр╣Ир╕нр╕ЗЁЯУМ

тЧ╛р╕Др╕зр╕▓р╕бр╕Зр╕▓р╕б
#р╕гр╕╡р╕зр╕┤р╕зр╕кр╕Бр╕┤р╕Щр╣Бр╕Др╕гр╣М 
#р╕гр╕╡р╕зр╕┤р╕зр╣Ар╕Лр╣Ар╕зр╣Ир╕Щ 
#р╕Йр╕▒р╕Щр╕Ир╕░р╕Вр╕▓р╕з 
#р╕Йр╕▒р╕Щр╕Ир╕░р╕Ьр╕нр╕б 
#р╕Йр╕▒р╕Щр╕Ир╕░р╕кр╕зр╕в 
#howtoperfact 
#HowtoBeauty 
 
тЧ╛р╣АтАж"
24,"RT @lwAyP5hSMT5fM9d: р╣Бр╕Ыр╕░р╣Др╕зр╣Йр╕кр╣Ир╕нр╕ЗЁЯУМ

тЧ╛р╕Др╕зр╕▓р╕бр╕Зр╕▓р╕б
#р╕гр╕╡р╕зр╕┤р╕зр╕кр╕Бр╕┤р╕Щр╣Бр╕Др╕гр╣М 
#р╕гр╕╡р╕зр╕┤р╕зр╣Ар╕Лр╣Ар╕зр╣Ир╕Щ 
#р╕Йр╕▒р╕Щр╕Ир╕░р╕Вр╕▓р╕з 
#р╕Йр╕▒р╕Щр╕Ир╕░р╕Ьр╕нр╕б 
#р╕Йр╕▒р╕Щр╕Ир╕░р╕кр╕зр╕в 
#howtoperfact 
#HowtoBeauty 
 
тЧ╛р╣АтАж"
25,"р╕Ър╕╕р╕Яр╣Ар╕Яр╣Ир╕Хр╣Мр╣Ар╕Бр╕▓р╕лр╕ер╕╡ р╕Ыр╕гр╕╕р╕Зр╕гр╕кр╕Щр╣Йр╕│р╕Лр╕╕р╕Ыр╣Ар╕нр╕З р╕Хр╣Кр╕нр╕Бр╕лр╕ер╕▓р╕Бр╕лр╕ер╕▓р╕в р╣Ар╕Др╕гр╕╖р╣Ир╕нр╕Зр╣Ар╕Др╕╡р╕вр╕Зр╣Ар╕Фр╣Зр╕Ф р╣Др╕Бр╣Ир╕Чр╕нр╕Фр╕кр╕╣р╕Хр╕гр╣Ар╕Бр╕▓р╕лр╕ер╕╡ р╕Ыр╕ер╕▓р╕лр╕бр╕╢р╕Бр╕Чр╕нр╕Фр╕Бр╕гр╕нр╕Ъ р╕зр╕╕р╣Йр╕Щр╣Ар╕кр╣Йр╕Щр╕кр╕▓р╕лр╕гр╣Ир╕▓р╕в ЁЯШЫЁЯТЦ 

ЁЯУНDookki Topokki | р╕вр╕╣р╣Ар╕Щр╕╡р╣Ир╕вр╕Щр╕бр╕нр╕ер╕ер╣М

#р╕нр╕гр╣Ир╕нр╕вр╕Ър╕нр╕Бр╕Хр╣Ир╕н #р╕гр╕╡р╕зр╕┤р╕зр╕нр╕▓р╕лр╕▓р╕г #р╕нр╕▓р╕лр╕▓р╕гр╣Ар╕Бр╕▓р╕лр╕ер╕╡ @aroii @Kin24hrs https://t.co/mY78SqCO7k"
26,"RT @lwAyP5hSMT5fM9d: р╣Бр╕Ыр╕░р╣Др╕зр╣Йр╕кр╣Ир╕нр╕ЗЁЯУМ

тЧ╛р╕Др╕зр╕▓р╕бр╕Зр╕▓р╕б
#р╕гр╕╡р╕зр╕┤р╕зр╕кр╕Бр╕┤р╕Щр╣Бр╕Др╕гр╣М 
#р╕гр╕╡р╕зр╕┤р╕зр╣Ар╕Лр╣Ар╕зр╣Ир╕Щ 
#р╕Йр╕▒р╕Щр╕Ир╕░р╕Вр╕▓р╕з 
#р╕Йр╕▒р╕Щр╕Ир╕░р╕Ьр╕нр╕б 
#р╕Йр╕▒р╕Щр╕Ир╕░р╕кр╕зр╕в 
#howtoperfact 
#HowtoBeauty 
 
тЧ╛р╣АтАж"
27,"#р╕Бр╣Лр╕зр╕вр╣Ар╕Хр╕╡р╣Лр╕вр╕зр╕Хр╣Йр╕бр╕вр╕│ #р╕Ър╕░р╕лр╕бр╕╡р╣Ир╕Хр╣Йр╕бр╕вр╕│ #р╕гр╕╡р╕зр╕┤р╕зр╕Бр╕гр╕╕р╕Зр╣Ар╕Чр╕Ю #р╕Чр╕▓р╕зр╕Щр╣Мр╕нр╕┤р╕Щр╕Чр╕▓р╕зр╕Щр╣М #bangkok #krungthep
#Thailand
#р╕нр╕▓р╕лр╕▓р╕гр╕Ир╕▓р╕Щр╣Вр╕Ыр╕гр╕Ф #FoodAndDrink
#р╕гр╕╡р╕зр╕┤р╕зр╕Вр╕нр╕Зр╕Бр╕┤р╕Щ #р╕гр╕╡р╕зр╕┤р╕зр╕нр╕▓р╕лр╕▓р╕г
#р╕гр╕╡р╕зр╕┤р╕зр╕нр╕гр╣Ир╕нр╕в #р╕нр╕гр╣Ир╕нр╕вр╕Ър╕нр╕Бр╕Хр╣Ир╕н #р╕нр╕гр╣Ир╕нр╕вр╣Др╕Ыр╣Бр╕Фр╕Б
#р╕нр╕гр╣Ир╕нр╕вр╣Др╕Ыр╕Бр╕┤р╕Щ 
#р╣Ар╕бр╕Щр╕╣р╣Ар╕Фр╣Зр╕Ф #noodles #WorldFood #ThaiFood #Delicious #aroii #reviewaroi #р╣Ар╕бр╕Щр╕╣р╣Ар╕кр╣Йр╕Щ https://t.co/HJxbYNxOo7"
28,"#р╕Бр╣Лр╕зр╕вр╣Ар╕Хр╕╡р╣Лр╕вр╕з #р╣Ар╕вр╣Зр╕Щр╕Хр╕▓р╣Вр╕Я #р╣Ар╕вр╣Зр╕Щр╕Хр╕▓р╣Вр╕Яр╕Хр╣Йр╕бр╕вр╕│ #р╕гр╕╡р╕зр╕┤р╕зр╕Бр╕гр╕╕р╕Зр╣Ар╕Чр╕Ю #р╕Чр╕▓р╕зр╕Щр╣Мр╕нр╕┤р╕Щр╕Чр╕▓р╕зр╕Щр╣М #bangkok #krungthep
#Thailand
#р╕нр╕▓р╕лр╕▓р╕гр╕Ир╕▓р╕Щр╣Вр╕Ыр╕гр╕Ф #FoodAndDrink
#р╕гр╕╡р╕зр╕┤р╕зр╕Вр╕нр╕Зр╕Бр╕┤р╕Щ #р╕гр╕╡р╕зр╕┤р╕зр╕нр╕▓р╕лр╕▓р╕г
#р╕гр╕╡р╕зр╕┤р╕зр╕нр╕гр╣Ир╕нр╕в #р╕нр╕гр╣Ир╕нр╕вр╕Ър╕нр╕Бр╕Хр╣Ир╕н #р╕нр╕гр╣Ир╕нр╕вр╣Др╕Ыр╣Бр╕Фр╕Б
#р╕нр╕гр╣Ир╕нр╕вр╣Др╕Ыр╕Бр╕┤р╕Щ 
#р╣Ар╕бр╕Щр╕╣р╣Ар╕Фр╣Зр╕Ф #noodles #WorldFood #ThaiFood #Delicious #aroii #reviewaroi #р╣Ар╕бр╕Щр╕╣р╣Ар╕кр╣Йр╕Щ https://t.co/cWmkbMyWfx"
29,"#р╕Бр╣Лр╕зр╕вр╣Ар╕Хр╕╡р╣Лр╕вр╕з #р╕Ър╕░р╕лр╕бр╕╡р╣Бр╕лр╣Йр╕З #р╕Ър╕░р╕лр╕бр╕╡р╣Ир╕Хр╣Йр╕бр╕вр╕│ #р╕гр╕╡р╕зр╕┤р╕зр╕Бр╕гр╕╕р╕Зр╣Ар╕Чр╕Ю #р╕Чр╕▓р╕зр╕Щр╣Мр╕нр╕┤р╕Щр╕Чр╕▓р╕зр╕Щр╣М #bangkok #krungthep
#Thailand
#р╕нр╕▓р╕лр╕▓р╕гр╕Ир╕▓р╕Щр╣Вр╕Ыр╕гр╕Ф #FoodAndDrink
#р╕гр╕╡р╕зр╕┤р╕зр╕Вр╕нр╕Зр╕Бр╕┤р╕Щ #р╕гр╕╡р╕зр╕┤р╕зр╕нр╕▓р╕лр╕▓р╕г
#р╕гр╕╡р╕зр╕┤р╕зр╕нр╕гр╣Ир╕нр╕в #р╕нр╕гр╣Ир╕нр╕вр╕Ър╕нр╕Бр╕Хр╣Ир╕н #р╕нр╕гр╣Ир╕нр╕вр╣Др╕Ыр╣Бр╕Фр╕Б
#р╕нр╕гр╣Ир╕нр╕вр╣Др╕Ыр╕Бр╕┤р╕Щ 
#р╣Ар╕бр╕Щр╕╣р╣Ар╕Фр╣Зр╕Ф #noodles #WorldFood #ThaiFood #Delicious #aroii #reviewaroi #р╣Ар╕бр╕Щр╕╣р╣Ар╕кр╣Йр╕Щ https://t.co/4zatCILDdE"
30,RT @melike_meshare: тЬИя╕П Fine Dining р╕Ър╕Щр╣Ар╕Др╕гр╕╖р╣Ир╕нр╕Зр╕Ър╕┤р╕Щр╕Чр╕╡р╣И @naohbangkok р╕гр╣Йр╕▓р╕Щр╣Ар╕Бр╣Л р╕бр╕╕р╕бр╕Цр╣Ир╕▓р╕вр╕гр╕╣р╕Ыр╣Ар╕вр╕нр╕░р╕бр╕▓р╕Б р╕бр╕╡р╕Бр╕▓р╕гр╣Бр╕кр╕Фр╕Зр╣Бр╕кр╕Зр╣Бр╕ер╕░р╣Ар╕кр╕╡р╕вр╕Зр╕Фр╣Йр╕зр╕вр╕Щр╕░ р╕Ър╕нр╕Бр╣Ар╕ер╕вр╕зр╣Ир╕▓р╕бр╕╖р╣Йр╕нр╕Щр╕╡р╣Йр╕Хр╕╖р╣Ир╕Щр╣АтАж
31,"RT @lwAyP5hSMT5fM9d: р╣Бр╕Ыр╕░р╣Др╕зр╣Йр╕кр╣Ир╕нр╕ЗЁЯУМ

тЧ╛р╕Др╕зр╕▓р╕бр╕Зр╕▓р╕б
#р╕гр╕╡р╕зр╕┤р╕зр╕кр╕Бр╕┤р╕Щр╣Бр╕Др╕гр╣М 
#р╕гр╕╡р╕зр╕┤р╕зр╣Ар╕Лр╣Ар╕зр╣Ир╕Щ 
#р╕Йр╕▒р╕Щр╕Ир╕░р╕Вр╕▓р╕з 
#р╕Йр╕▒р╕Щр╕Ир╕░р╕Ьр╕нр╕б 
#р╕Йр╕▒р╕Щр╕Ир╕░р╕кр╕зр╕в 
#howtoperfact 
#HowtoBeauty 
 
тЧ╛р╣АтАж"
32,"RT @bemyfriendds: р╕Кр╕зр╕Щр╕лр╕┤р╕зр╕вр╕▓р╕бр╕Фр╕╢р╕Бр╕Бр╕▒р╕Ъ Aso Tonkatsu р╕лр╕бр╕╣р╕Чр╕нр╕Фр╕Кр╕╡р╕кр╣Ар╕вр╕┤р╣Йр╕б+р╣Ар╕Хр╕┤р╕бр╣Ар╕Др╕гр╕╖р╣Ир╕нр╕Зр╣Ар╕Др╕╡р╕вр╕Зр╕Яр╕гр╕╡р╣Др╕бр╣Ир╕нр╕▒р╣Йр╕Щ!
-
р╕Чр╕Зр╕Хр╕▒р╕Хр╕кр╕╢р╕гр╣Йр╕▓р╕Щр╕вр╣Ир╕нр╕б р╕Ър╕гр╕гр╕вр╕▓р╕Бр╕▓р╕ир╕кр╕Ър╕▓р╕вр╣Ар╕Ыр╣Зр╕Щр╕Ър╕▓р╕гр╣Мр╕Щр╕▒р╣Ир╕З р╕бр╕╡р╕кр╕▓р╕Вр╕▓тАж"
33,RT @PKoreaitem: #р╕гр╕╡р╕зр╕┤р╕зр╣Ар╕Бр╕▓р╕лр╕ер╕╡ #р╕Кр╕╡р╣Йр╣Ар╕Ыр╣Йр╕▓ р╕гр╕╡р╕зр╕┤р╕зр╕гр╣Йр╕▓р╕Щ churro101  р╕нр╕вр╕╣р╣Ир╕Хр╕гр╕Зр╕ор╕Зр╣Бр╕Ф р╕бр╕╡р╕лр╕ер╕▓р╕вр╣Бр╕Ър╕Ър╣Гр╕лр╣Йр╣Ар╕ер╕╖р╕нр╕Бр╕лр╕ер╕▓р╕вр╣Бр╕Ър╕Ъ р╣Бр╕Хр╣Ир╣Ар╕гр╕▓р╕нр╕вр╕▓р╕Бр╕ер╕нр╕Зр╣Ар╕Щр╕Чр╕╣р╕ер╣Ир╕▓ р╣Ар╕Юр╕╖р╣Ир╕нр╕Щр╕Бр╣Зр╕Бр╕┤р╕Щр╣Ар╕лр╕бр╕╖р╕нр╕Щр╕Бр╕▒р╕Щр╕лр╕бтАж
34,"RT @lwAyP5hSMT5fM9d: р╣Бр╕Ыр╕░р╣Др╕зр╣Йр╕кр╣Ир╕нр╕ЗЁЯУМ

тЧ╛р╕Др╕зр╕▓р╕бр╕Зр╕▓р╕б
#р╕гр╕╡р╕зр╕┤р╕зр╕кр╕Бр╕┤р╕Щр╣Бр╕Др╕гр╣М 
#р╕гр╕╡р╕зр╕┤р╕зр╣Ар╕Лр╣Ар╕зр╣Ир╕Щ 
#р╕Йр╕▒р╕Щр╕Ир╕░р╕Вр╕▓р╕з 
#р╕Йр╕▒р╕Щр╕Ир╕░р╕Ьр╕нр╕б 
#р╕Йр╕▒р╕Щр╕Ир╕░р╕кр╕зр╕в 
#howtoperfact 
#HowtoBeauty 
 
тЧ╛р╣АтАж"
35,"RT @lwAyP5hSMT5fM9d: р╣Бр╕Ыр╕░р╣Др╕зр╣Йр╕кр╣Ир╕нр╕ЗЁЯУМ

тЧ╛р╕Др╕зр╕▓р╕бр╕Зр╕▓р╕б
#р╕гр╕╡р╕зр╕┤р╕зр╕кр╕Бр╕┤р╕Щр╣Бр╕Др╕гр╣М 
#р╕гр╕╡р╕зр╕┤р╕зр╣Ар╕Лр╣Ар╕зр╣Ир╕Щ 
#р╕Йр╕▒р╕Щр╕Ир╕░р╕Вр╕▓р╕з 
#р╕Йр╕▒р╕Щр╕Ир╕░р╕Ьр╕нр╕б 
#р╕Йр╕▒р╕Щр╕Ир╕░р╕кр╕зр╕в 
#howtoperfact 
#HowtoBeauty 
 
тЧ╛р╣АтАж"
36,"RT @bemyfriendds: р╕Кр╕зр╕Щр╕лр╕┤р╕зр╕вр╕▓р╕бр╕Фр╕╢р╕Бр╕Бр╕▒р╕Ъ Aso Tonkatsu р╕лр╕бр╕╣р╕Чр╕нр╕Фр╕Кр╕╡р╕кр╣Ар╕вр╕┤р╣Йр╕б+р╣Ар╕Хр╕┤р╕бр╣Ар╕Др╕гр╕╖р╣Ир╕нр╕Зр╣Ар╕Др╕╡р╕вр╕Зр╕Яр╕гр╕╡р╣Др╕бр╣Ир╕нр╕▒р╣Йр╕Щ!
-
р╕Чр╕Зр╕Хр╕▒р╕Хр╕кр╕╢р╕гр╣Йр╕▓р╕Щр╕вр╣Ир╕нр╕б р╕Ър╕гр╕гр╕вр╕▓р╕Бр╕▓р╕ир╕кр╕Ър╕▓р╕вр╣Ар╕Ыр╣Зр╕Щр╕Ър╕▓р╕гр╣Мр╕Щр╕▒р╣Ир╕З р╕бр╕╡р╕кр╕▓р╕Вр╕▓тАж"
37,"RT @lwAyP5hSMT5fM9d: р╣Бр╕Ыр╕░р╣Др╕зр╣Йр╕кр╣Ир╕нр╕ЗЁЯУМ

тЧ╛р╕Др╕зр╕▓р╕бр╕Зр╕▓р╕б
#р╕гр╕╡р╕зр╕┤р╕зр╕кр╕Бр╕┤р╕Щр╣Бр╕Др╕гр╣М 
#р╕гр╕╡р╕зр╕┤р╕зр╣Ар╕Лр╣Ар╕зр╣Ир╕Щ 
#р╕Йр╕▒р╕Щр╕Ир╕░р╕Вр╕▓р╕з 
#р╕Йр╕▒р╕Щр╕Ир╕░р╕Ьр╕нр╕б 
#р╕Йр╕▒р╕Щр╕Ир╕░р╕кр╕зр╕в 
#howtoperfact 
#HowtoBeauty 
 
тЧ╛р╣АтАж"
38,"RT @bemyfriendds: р╕Кр╕зр╕Щр╕лр╕┤р╕зр╕вр╕▓р╕бр╕Фр╕╢р╕Бр╕Бр╕▒р╕Ъ Aso Tonkatsu р╕лр╕бр╕╣р╕Чр╕нр╕Фр╕Кр╕╡р╕кр╣Ар╕вр╕┤р╣Йр╕б+р╣Ар╕Хр╕┤р╕бр╣Ар╕Др╕гр╕╖р╣Ир╕нр╕Зр╣Ар╕Др╕╡р╕вр╕Зр╕Яр╕гр╕╡р╣Др╕бр╣Ир╕нр╕▒р╣Йр╕Щ!
-
р╕Чр╕Зр╕Хр╕▒р╕Хр╕кр╕╢р╕гр╣Йр╕▓р╕Щр╕вр╣Ир╕нр╕б р╕Ър╕гр╕гр╕вр╕▓р╕Бр╕▓р╕ир╕кр╕Ър╕▓р╕вр╣Ар╕Ыр╣Зр╕Щр╕Ър╕▓р╕гр╣Мр╕Щр╕▒р╣Ир╕З р╕бр╕╡р╕кр╕▓р╕Вр╕▓тАж"
39,"RT @bemyfriendds: р╕Кр╕зр╕Щр╕лр╕┤р╕зр╕вр╕▓р╕бр╕Фр╕╢р╕Бр╕Бр╕▒р╕Ъ Aso Tonkatsu р╕лр╕бр╕╣р╕Чр╕нр╕Фр╕Кр╕╡р╕кр╣Ар╕вр╕┤р╣Йр╕б+р╣Ар╕Хр╕┤р╕бр╣Ар╕Др╕гр╕╖р╣Ир╕нр╕Зр╣Ар╕Др╕╡р╕вр╕Зр╕Яр╕гр╕╡р╣Др╕бр╣Ир╕нр╕▒р╣Йр╕Щ!
-
р╕Чр╕Зр╕Хр╕▒р╕Хр╕кр╕╢р╕гр╣Йр╕▓р╕Щр╕вр╣Ир╕нр╕б р╕Ър╕гр╕гр╕вр╕▓р╕Бр╕▓р╕ир╕кр╕Ър╕▓р╕вр╣Ар╕Ыр╣Зр╕Щр╕Ър╕▓р╕гр╣Мр╕Щр╕▒р╣Ир╕З р╕бр╕╡р╕кр╕▓р╕Вр╕▓тАж"
40,"RT @bemyfriendds: р╕Кр╕зр╕Щр╕лр╕┤р╕зр╕вр╕▓р╕бр╕Фр╕╢р╕Бр╕Бр╕▒р╕Ъ Aso Tonkatsu р╕лр╕бр╕╣р╕Чр╕нр╕Фр╕Кр╕╡р╕кр╣Ар╕вр╕┤р╣Йр╕б+р╣Ар╕Хр╕┤р╕бр╣Ар╕Др╕гр╕╖р╣Ир╕нр╕Зр╣Ар╕Др╕╡р╕вр╕Зр╕Яр╕гр╕╡р╣Др╕бр╣Ир╕нр╕▒р╣Йр╕Щ!
-
р╕Чр╕Зр╕Хр╕▒р╕Хр╕кр╕╢р╕гр╣Йр╕▓р╕Щр╕вр╣Ир╕нр╕б р╕Ър╕гр╕гр╕вр╕▓р╕Бр╕▓р╕ир╕кр╕Ър╕▓р╕вр╣Ар╕Ыр╣Зр╕Щр╕Ър╕▓р╕гр╣Мр╕Щр╕▒р╣Ир╕З р╕бр╕╡р╕кр╕▓р╕Вр╕▓тАж"
41,"RT @bemyfriendds: р╕Кр╕зр╕Щр╕лр╕┤р╕зр╕вр╕▓р╕бр╕Фр╕╢р╕Бр╕Бр╕▒р╕Ъ Aso Tonkatsu р╕лр╕бр╕╣р╕Чр╕нр╕Фр╕Кр╕╡р╕кр╣Ар╕вр╕┤р╣Йр╕б+р╣Ар╕Хр╕┤р╕бр╣Ар╕Др╕гр╕╖р╣Ир╕нр╕Зр╣Ар╕Др╕╡р╕вр╕Зр╕Яр╕гр╕╡р╣Др╕бр╣Ир╕нр╕▒р╣Йр╕Щ!
-
р╕Чр╕Зр╕Хр╕▒р╕Хр╕кр╕╢р╕гр╣Йр╕▓р╕Щр╕вр╣Ир╕нр╕б р╕Ър╕гр╕гр╕вр╕▓р╕Бр╕▓р╕ир╕кр╕Ър╕▓р╕вр╣Ар╕Ыр╣Зр╕Щр╕Ър╕▓р╕гр╣Мр╕Щр╕▒р╣Ир╕З р╕бр╕╡р╕кр╕▓р╕Вр╕▓тАж"
42,"RT @bemyfriendds: р╕Кр╕зр╕Щр╕лр╕┤р╕зр╕вр╕▓р╕бр╕Фр╕╢р╕Бр╕Бр╕▒р╕Ъ Aso Tonkatsu р╕лр╕бр╕╣р╕Чр╕нр╕Фр╕Кр╕╡р╕кр╣Ар╕вр╕┤р╣Йр╕б+р╣Ар╕Хр╕┤р╕бр╣Ар╕Др╕гр╕╖р╣Ир╕нр╕Зр╣Ар╕Др╕╡р╕вр╕Зр╕Яр╕гр╕╡р╣Др╕бр╣Ир╕нр╕▒р╣Йр╕Щ!
-
р╕Чр╕Зр╕Хр╕▒р╕Хр╕кр╕╢р╕гр╣Йр╕▓р╕Щр╕вр╣Ир╕нр╕б р╕Ър╕гр╕гр╕вр╕▓р╕Бр╕▓р╕ир╕кр╕Ър╕▓р╕вр╣Ар╕Ыр╣Зр╕Щр╕Ър╕▓р╕гр╣Мр╕Щр╕▒р╣Ир╕З р╕бр╕╡р╕кр╕▓р╕Вр╕▓тАж"
43,"RT @bemyfriendds: р╕Кр╕зр╕Щр╕лр╕┤р╕зр╕вр╕▓р╕бр╕Фр╕╢р╕Бр╕Бр╕▒р╕Ъ Aso Tonkatsu р╕лр╕бр╕╣р╕Чр╕нр╕Фр╕Кр╕╡р╕кр╣Ар╕вр╕┤р╣Йр╕б+р╣Ар╕Хр╕┤р╕бр╣Ар╕Др╕гр╕╖р╣Ир╕нр╕Зр╣Ар╕Др╕╡р╕вр╕Зр╕Яр╕гр╕╡р╣Др╕бр╣Ир╕нр╕▒р╣Йр╕Щ!
-
р╕Чр╕Зр╕Хр╕▒р╕Хр╕кр╕╢р╕гр╣Йр╕▓р╕Щр╕вр╣Ир╕нр╕б р╕Ър╕гр╕гр╕вр╕▓р╕Бр╕▓р╕ир╕кр╕Ър╕▓р╕вр╣Ар╕Ыр╣Зр╕Щр╕Ър╕▓р╕гр╣Мр╕Щр╕▒р╣Ир╕З р╕бр╕╡р╕кр╕▓р╕Вр╕▓тАж"
44,"RT @bemyfriendds: р╕Кр╕зр╕Щр╕лр╕┤р╕зр╕вр╕▓р╕бр╕Фр╕╢р╕Бр╕Бр╕▒р╕Ъ Aso Tonkatsu р╕лр╕бр╕╣р╕Чр╕нр╕Фр╕Кр╕╡р╕кр╣Ар╕вр╕┤р╣Йр╕б+р╣Ар╕Хр╕┤р╕бр╣Ар╕Др╕гр╕╖р╣Ир╕нр╕Зр╣Ар╕Др╕╡р╕вр╕Зр╕Яр╕гр╕╡р╣Др╕бр╣Ир╕нр╕▒р╣Йр╕Щ!
-
р╕Чр╕Зр╕Хр╕▒р╕Хр╕кр╕╢р╕гр╣Йр╕▓р╕Щр╕вр╣Ир╕нр╕б р╕Ър╕гр╕гр╕вр╕▓р╕Бр╕▓р╕ир╕кр╕Ър╕▓р╕вр╣Ар╕Ыр╣Зр╕Щр╕Ър╕▓р╕гр╣Мр╕Щр╕▒р╣Ир╕З р╕бр╕╡р╕кр╕▓р╕Вр╕▓тАж"
45,"RT @bemyfriendds: р╕Кр╕зр╕Щр╕лр╕┤р╕зр╕вр╕▓р╕бр╕Фр╕╢р╕Бр╕Бр╕▒р╕Ъ Aso Tonkatsu р╕лр╕бр╕╣р╕Чр╕нр╕Фр╕Кр╕╡р╕кр╣Ар╕вр╕┤р╣Йр╕б+р╣Ар╕Хр╕┤р╕бр╣Ар╕Др╕гр╕╖р╣Ир╕нр╕Зр╣Ар╕Др╕╡р╕вр╕Зр╕Яр╕гр╕╡р╣Др╕бр╣Ир╕нр╕▒р╣Йр╕Щ!
-
р╕Чр╕Зр╕Хр╕▒р╕Хр╕кр╕╢р╕гр╣Йр╕▓р╕Щр╕вр╣Ир╕нр╕б р╕Ър╕гр╕гр╕вр╕▓р╕Бр╕▓р╕ир╕кр╕Ър╕▓р╕вр╣Ар╕Ыр╣Зр╕Щр╕Ър╕▓р╕гр╣Мр╕Щр╕▒р╣Ир╕З р╕бр╕╡р╕кр╕▓р╕Вр╕▓тАж"
46,"RT @bemyfriendds: р╕Кр╕зр╕Щр╕лр╕┤р╕зр╕вр╕▓р╕бр╕Фр╕╢р╕Бр╕Бр╕▒р╕Ъ Aso Tonkatsu р╕лр╕бр╕╣р╕Чр╕нр╕Фр╕Кр╕╡р╕кр╣Ар╕вр╕┤р╣Йр╕б+р╣Ар╕Хр╕┤р╕бр╣Ар╕Др╕гр╕╖р╣Ир╕нр╕Зр╣Ар╕Др╕╡р╕вр╕Зр╕Яр╕гр╕╡р╣Др╕бр╣Ир╕нр╕▒р╣Йр╕Щ!
-
р╕Чр╕Зр╕Хр╕▒р╕Хр╕кр╕╢р╕гр╣Йр╕▓р╕Щр╕вр╣Ир╕нр╕б р╕Ър╕гр╕гр╕вр╕▓р╕Бр╕▓р╕ир╕кр╕Ър╕▓р╕вр╣Ар╕Ыр╣Зр╕Щр╕Ър╕▓р╕гр╣Мр╕Щр╕▒р╣Ир╕З р╕бр╕╡р╕кр╕▓р╕Вр╕▓тАж"
47,"15 р╕Бр╕╕р╕бр╕ар╕▓р╕Юр╕▒р╕Щр╕Шр╣М 2566 : р╣Бр╕Ър╕Ър╕Щр╕╡р╣Йр╕Бр╣Зр╕бр╕╡ р╕ер╕╣р╕Бр╕Др╣Йр╕▓р╣Ар╕Вр╕╡р╕вр╕Щр╕гр╕╡р╕зр╕┤р╕зр╕гр╣Йр╕▓р╕Щр╕Лр╕╡р╕Яр╕╣р╣Йр╕Ф р╕Ър╕нр╕Бр╣Др╕бр╣Ир╣Ар╕Др╕вр╕бр╕▓р╕Бр╕┤р╕Щ р╣Ар╕Юр╕гр╕▓р╕░р╕Бр╕╕р╣Йр╕Зр╕кр╕Фр╣Ар╕Бр╕┤р╕Щр╣Др╕Ы

р╕нр╣Ир╕▓р╕Щр╣Ар╕Юр╕┤р╣Ир╕б : https://t.co/ANK5t9VkRw
#р╕гр╕╡р╕зр╕┤р╕зр╕нр╕▓р╕лр╕▓р╕г #р╕гр╣Йр╕▓р╕Щр╕Лр╕╡р╕Яр╕╣р╣Йр╕Ф #р╕нр╕▓р╕лр╕▓р╕гр╕Чр╕░р╣Ар╕ер╕кр╕Ф #р╕гр╕▓р╕Кр╕Юр╕др╕Бр╕йр╣Мр╕Лр╕╡р╕Яр╕╣р╣Йр╕Фр╕Ър╕╕р╕Яр╣Ар╕Яр╣Ир╕Хр╣М #р╣Др╕Чр╕вр╕гр╕▒р╕Рр╕Чр╕╡р╕зр╕╡32 https://t.co/mqJoDRxrRA"
48,"RT @bemyfriendds: р╕Кр╕зр╕Щр╕лр╕┤р╕зр╕вр╕▓р╕бр╕Фр╕╢р╕Бр╕Бр╕▒р╕Ъ Aso Tonkatsu р╕лр╕бр╕╣р╕Чр╕нр╕Фр╕Кр╕╡р╕кр╣Ар╕вр╕┤р╣Йр╕б+р╣Ар╕Хр╕┤р╕бр╣Ар╕Др╕гр╕╖р╣Ир╕нр╕Зр╣Ар╕Др╕╡р╕вр╕Зр╕Яр╕гр╕╡р╣Др╕бр╣Ир╕нр╕▒р╣Йр╕Щ!
-
р╕Чр╕Зр╕Хр╕▒р╕Хр╕кр╕╢р╕гр╣Йр╕▓р╕Щр╕вр╣Ир╕нр╕б р╕Ър╕гр╕гр╕вр╕▓р╕Бр╕▓р╕ир╕кр╕Ър╕▓р╕вр╣Ар╕Ыр╣Зр╕Щр╕Ър╕▓р╕гр╣Мр╕Щр╕▒р╣Ир╕З р╕бр╕╡р╕кр╕▓р╕Вр╕▓тАж"
49,"RT @bemyfriendds: р╕Кр╕зр╕Щр╕лр╕┤р╕зр╕вр╕▓р╕бр╕Фр╕╢р╕Бр╕Бр╕▒р╕Ъ Aso Tonkatsu р╕лр╕бр╕╣р╕Чр╕нр╕Фр╕Кр╕╡р╕кр╣Ар╕вр╕┤р╣Йр╕б+р╣Ар╕Хр╕┤р╕бр╣Ар╕Др╕гр╕╖р╣Ир╕нр╕Зр╣Ар╕Др╕╡р╕вр╕Зр╕Яр╕гр╕╡р╣Др╕бр╣Ир╕нр╕▒р╣Йр╕Щ!
-
р╕Чр╕Зр╕Хр╕▒р╕Хр╕кр╕╢р╕гр╣Йр╕▓р╕Щр╕вр╣Ир╕нр╕б р╕Ър╕гр╕гр╕вр╕▓р╕Бр╕▓р╕ир╕кр╕Ър╕▓р╕вр╣Ар╕Ыр╣Зр╕Щр╕Ър╕▓р╕гр╣Мр╕Щр╕▒р╣Ир╕З р╕бр╕╡р╕кр╕▓р╕Вр╕▓тАж"
50,"RT @bemyfriendds: р╕Кр╕зр╕Щр╕лр╕┤р╕зр╕вр╕▓р╕бр╕Фр╕╢р╕Бр╕Бр╕▒р╕Ъ Aso Tonkatsu р╕лр╕бр╕╣р╕Чр╕нр╕Фр╕Кр╕╡р╕кр╣Ар╕вр╕┤р╣Йр╕б+р╣Ар╕Хр╕┤р╕бр╣Ар╕Др╕гр╕╖р╣Ир╕нр╕Зр╣Ар╕Др╕╡р╕вр╕Зр╕Яр╕гр╕╡р╣Др╕бр╣Ир╕нр╕▒р╣Йр╕Щ!
-
р╕Чр╕Зр╕Хр╕▒р╕Хр╕кр╕╢р╕гр╣Йр╕▓р╕Щр╕вр╣Ир╕нр╕б р╕Ър╕гр╕гр╕вр╕▓р╕Бр╕▓р╕ир╕кр╕Ър╕▓р╕вр╣Ар╕Ыр╣Зр╕Щр╕Ър╕▓р╕гр╣Мр╕Щр╕▒р╣Ир╕З р╕бр╕╡р╕кр╕▓р╕Вр╕▓тАж"
51,"RT @bemyfriendds: р╕Кр╕зр╕Щр╕лр╕┤р╕зр╕вр╕▓р╕бр╕Фр╕╢р╕Бр╕Бр╕▒р╕Ъ Aso Tonkatsu р╕лр╕бр╕╣р╕Чр╕нр╕Фр╕Кр╕╡р╕кр╣Ар╕вр╕┤р╣Йр╕б+р╣Ар╕Хр╕┤р╕бр╣Ар╕Др╕гр╕╖р╣Ир╕нр╕Зр╣Ар╕Др╕╡р╕вр╕Зр╕Яр╕гр╕╡р╣Др╕бр╣Ир╕нр╕▒р╣Йр╕Щ!
-
р╕Чр╕Зр╕Хр╕▒р╕Хр╕кр╕╢р╕гр╣Йр╕▓р╕Щр╕вр╣Ир╕нр╕б р╕Ър╕гр╕гр╕вр╕▓р╕Бр╕▓р╕ир╕кр╕Ър╕▓р╕вр╣Ар╕Ыр╣Зр╕Щр╕Ър╕▓р╕гр╣Мр╕Щр╕▒р╣Ир╕З р╕бр╕╡р╕кр╕▓р╕Вр╕▓тАж"
52,"RT @bemyfriendds: р╕Кр╕зр╕Щр╕лр╕┤р╕зр╕вр╕▓р╕бр╕Фр╕╢р╕Бр╕Бр╕▒р╕Ъ Aso Tonkatsu р╕лр╕бр╕╣р╕Чр╕нр╕Фр╕Кр╕╡р╕кр╣Ар╕вр╕┤р╣Йр╕б+р╣Ар╕Хр╕┤р╕бр╣Ар╕Др╕гр╕╖р╣Ир╕нр╕Зр╣Ар╕Др╕╡р╕вр╕Зр╕Яр╕гр╕╡р╣Др╕бр╣Ир╕нр╕▒р╣Йр╕Щ!
-
р╕Чр╕Зр╕Хр╕▒р╕Хр╕кр╕╢р╕гр╣Йр╕▓р╕Щр╕вр╣Ир╕нр╕б р╕Ър╕гр╕гр╕вр╕▓р╕Бр╕▓р╕ир╕кр╕Ър╕▓р╕вр╣Ар╕Ыр╣Зр╕Щр╕Ър╕▓р╕гр╣Мр╕Щр╕▒р╣Ир╕З р╕бр╕╡р╕кр╕▓р╕Вр╕▓тАж"
53,"RT @bemyfriendds: р╕Ыр╕▒р╕Зр╕Кр╕▓ | р╕гр╣Йр╕▓р╕Щр╕ер╕╣р╕Бр╣Др╕Бр╣Ир╕Чр╕нр╕З
тнРя╕П
р╣Ар╕кр╕╡р╕вр╕Зр╕ер╕╖р╕нр╣Ар╕кр╕╡р╕вр╕Зр╣Ар╕ер╣Ир╕▓р╣Др╕бр╣Ир╣Ар╕Чр╣Ир╕▓р╕ер╕нр╕Зр╣Ар╕нр╕З р╕Ыр╕▒р╕Зр╕Кр╕▓р╣Др╕Чр╕вр╕кр╣Ир╕зр╕Щр╕Ьр╕кр╕бр╕Фр╕╡ р╕лр╕нр╕б р╣Др╕бр╣Ир╕лр╕зр╕▓р╕Щр╕Ър╕▓р╕Фр╕Др╕н+р╣Ар╕Вр╣Йр╕бр╕Вр╣Йр╕Щ р╕бр╕╡р╕нр╕▒р╕ер╕бр╕нр╕Щр╕Фр╣М р╣Др╕Вр╣Ир╕бр╕╕р╕Б р╕Вр╕Щр╕бтАж"
54,"RT @bemyfriendds: р╕Кр╕зр╕Щр╕лр╕┤р╕зр╕вр╕▓р╕бр╕Фр╕╢р╕Бр╕Бр╕▒р╕Ъ Aso Tonkatsu р╕лр╕бр╕╣р╕Чр╕нр╕Фр╕Кр╕╡р╕кр╣Ар╕вр╕┤р╣Йр╕б+р╣Ар╕Хр╕┤р╕бр╣Ар╕Др╕гр╕╖р╣Ир╕нр╕Зр╣Ар╕Др╕╡р╕вр╕Зр╕Яр╕гр╕╡р╣Др╕бр╣Ир╕нр╕▒р╣Йр╕Щ!
-
р╕Чр╕Зр╕Хр╕▒р╕Хр╕кр╕╢р╕гр╣Йр╕▓р╕Щр╕вр╣Ир╕нр╕б р╕Ър╕гр╕гр╕вр╕▓р╕Бр╕▓р╕ир╕кр╕Ър╕▓р╕вр╣Ар╕Ыр╣Зр╕Щр╕Ър╕▓р╕гр╣Мр╕Щр╕▒р╣Ир╕З р╕бр╕╡р╕кр╕▓р╕Вр╕▓тАж"
55,"RT @bemyfriendds: р╕Кр╕зр╕Щр╕лр╕┤р╕зр╕вр╕▓р╕бр╕Фр╕╢р╕Бр╕Бр╕▒р╕Ъ Aso Tonkatsu р╕лр╕бр╕╣р╕Чр╕нр╕Фр╕Кр╕╡р╕кр╣Ар╕вр╕┤р╣Йр╕б+р╣Ар╕Хр╕┤р╕бр╣Ар╕Др╕гр╕╖р╣Ир╕нр╕Зр╣Ар╕Др╕╡р╕вр╕Зр╕Яр╕гр╕╡р╣Др╕бр╣Ир╕нр╕▒р╣Йр╕Щ!
-
р╕Чр╕Зр╕Хр╕▒р╕Хр╕кр╕╢р╕гр╣Йр╕▓р╕Щр╕вр╣Ир╕нр╕б р╕Ър╕гр╕гр╕вр╕▓р╕Бр╕▓р╕ир╕кр╕Ър╕▓р╕вр╣Ар╕Ыр╣Зр╕Щр╕Ър╕▓р╕гр╣Мр╕Щр╕▒р╣Ир╕З р╕бр╕╡р╕кр╕▓р╕Вр╕▓тАж"
56,"RT @bemyfriendds: р╕Кр╕зр╕Щр╕лр╕┤р╕зр╕вр╕▓р╕бр╕Фр╕╢р╕Бр╕Бр╕▒р╕Ъ Aso Tonkatsu р╕лр╕бр╕╣р╕Чр╕нр╕Фр╕Кр╕╡р╕кр╣Ар╕вр╕┤р╣Йр╕б+р╣Ар╕Хр╕┤р╕бр╣Ар╕Др╕гр╕╖р╣Ир╕нр╕Зр╣Ар╕Др╕╡р╕вр╕Зр╕Яр╕гр╕╡р╣Др╕бр╣Ир╕нр╕▒р╣Йр╕Щ!
-
р╕Чр╕Зр╕Хр╕▒р╕Хр╕кр╕╢р╕гр╣Йр╕▓р╕Щр╕вр╣Ир╕нр╕б р╕Ър╕гр╕гр╕вр╕▓р╕Бр╕▓р╕ир╕кр╕Ър╕▓р╕вр╣Ар╕Ыр╣Зр╕Щр╕Ър╕▓р╕гр╣Мр╕Щр╕▒р╣Ир╕З р╕бр╕╡р╕кр╕▓р╕Вр╕▓тАж"
57,"RT @bemyfriendds: р╕Кр╕зр╕Щр╕лр╕┤р╕зр╕вр╕▓р╕бр╕Фр╕╢р╕Бр╕Бр╕▒р╕Ъ Aso Tonkatsu р╕лр╕бр╕╣р╕Чр╕нр╕Фр╕Кр╕╡р╕кр╣Ар╕вр╕┤р╣Йр╕б+р╣Ар╕Хр╕┤р╕бр╣Ар╕Др╕гр╕╖р╣Ир╕нр╕Зр╣Ар╕Др╕╡р╕вр╕Зр╕Яр╕гр╕╡р╣Др╕бр╣Ир╕нр╕▒р╣Йр╕Щ!
-
р╕Чр╕Зр╕Хр╕▒р╕Хр╕кр╕╢р╕гр╣Йр╕▓р╕Щр╕вр╣Ир╕нр╕б р╕Ър╕гр╕гр╕вр╕▓р╕Бр╕▓р╕ир╕кр╕Ър╕▓р╕вр╣Ар╕Ыр╣Зр╕Щр╕Ър╕▓р╕гр╣Мр╕Щр╕▒р╣Ир╕З р╕бр╕╡р╕кр╕▓р╕Вр╕▓тАж"
58,"р╕Кр╕зр╕Щр╕лр╕┤р╕зр╕вр╕▓р╕бр╕Фр╕╢р╕Бр╕Бр╕▒р╕Ъ Aso Tonkatsu р╕лр╕бр╕╣р╕Чр╕нр╕Фр╕Кр╕╡р╕кр╣Ар╕вр╕┤р╣Йр╕б+р╣Ар╕Хр╕┤р╕бр╣Ар╕Др╕гр╕╖р╣Ир╕нр╕Зр╣Ар╕Др╕╡р╕вр╕Зр╕Яр╕гр╕╡р╣Др╕бр╣Ир╕нр╕▒р╣Йр╕Щ!
-
р╕Чр╕Зр╕Хр╕▒р╕Хр╕кр╕╢р╕гр╣Йр╕▓р╕Щр╕вр╣Ир╕нр╕б р╕Ър╕гр╕гр╕вр╕▓р╕Бр╕▓р╕ир╕кр╕Ър╕▓р╕вр╣Ар╕Ыр╣Зр╕Щр╕Ър╕▓р╕гр╣Мр╕Щр╕▒р╣Ир╕З р╕бр╕╡р╕кр╕▓р╕Вр╕▓р╣Ар╕Фр╕╡р╕вр╕зр╕Чр╕╡р╣Ир╣Ар╕Фр╕нр╕░р╕бр╕нр╕ер╕ер╣Мр╕Зр╕▓р╕бр╕Кр╕▒р╣Йр╕Щ G р╕Ир╕╢р╣Йр╕Зр╕кр╕╕р╕Фр╕Др╕╖р╕нр╕Вр╣Йр╕▓р╕з р╣Др╕Вр╣И р╕Ьр╕▒р╕Б р╕Лр╕╕р╕Ы р╕кр╕ер╕▒р╕Фр╕бр╕▒р╕Щ р╕Бр╕┤р╕бр╕Ир╕┤ р╣Ар╕Хр╕┤р╕бр╣Др╕Фр╣Йр╕Цр╣Йр╕▓р╕кр╕▒р╣Ир╕Зр╣Ар╕Лр╕Х р╕лр╕бр╕╣р╕Чр╕нр╕Фр╕Юр╕нр╣Др╕Фр╣Йр╕Чр╕╡р╣Ир╕Ир╕╕р╣Гр╕Ир╕Др╕╖р╕нр╕Кр╕╡р╕кр╣Ар╕вр╕┤р╣Йр╕б
ЁЯТ╕260/р╕Др╕Щ
#р╕гр╕╡р╕зр╕┤р╕зр╕нр╕▓р╕лр╕▓р╕г  @aroii #р╕нр╕гр╣Ир╕нр╕вр╣Др╕Ыр╣Ар╣Ар╕Фр╕Б https://t.co/TFBgdYgNqF"
59,"#р╕Ьр╕▒р╕Фр╕Фр╕нр╕Бр╕Бр╕░р╕лр╕ер╣Ир╕│ #р╕лр╕бр╕╣р╕Бр╕гр╕нр╕Ъ #р╕нр╕▓р╕лр╕▓р╕гр╕Ир╕▓р╕Щр╕Фр╣Ир╕зр╕Щ #р╕нр╕▓р╕лр╕▓р╕гр╕Ир╕▓р╕Щр╣Ар╕Фр╕╡р╕вр╕з #р╕нр╕▓р╕лр╕▓р╕гр╕Хр╕▓р╕бр╕кр╕▒р╣Ир╕З #р╣Ар╕бр╕Щр╕╣р╕Хр╕▓р╕бр╕кр╕▒р╣Ир╕З #р╕бр╕╖р╣Йр╕нр╣Ар╕Чр╕╡р╣Ир╕вр╕З 
#р╕гр╕╡р╕зр╕┤р╕зр╕Бр╕гр╕╕р╕Зр╣Ар╕Чр╕Ю #bangkok
#Thailand
#р╕нр╕▓р╕лр╕▓р╕гр╕Ир╕▓р╕Щр╣Вр╕Ыр╕гр╕Ф #FoodAndDrink
#р╕гр╕╡р╕зр╕┤р╕зр╕Вр╕нр╕Зр╕Бр╕┤р╕Щ #р╕гр╕╡р╕зр╕┤р╕зр╕нр╕▓р╕лр╕▓р╕г
#р╕гр╕╡р╕зр╕┤р╕зр╕нр╕гр╣Ир╕нр╕в #р╕нр╕гр╣Ир╕нр╕вр╕Ър╕нр╕Бр╕Хр╣Ир╕н #р╕нр╕гр╣Ир╕нр╕вр╣Др╕Ыр╣Бр╕Фр╕Б
#р╕нр╕гр╣Ир╕нр╕вр╣Др╕Ыр╕Бр╕┤р╕Щ
#р╣Ар╕бр╕Щр╕╣р╣Ар╕Фр╣Зр╕Ф #р╕Ир╕▓р╕Щр╣Ар╕Фр╣Зр╕Ф #WorldFood #ThaiFood #Delicious https://t.co/NNQ9A73j08"
60,"#р╕гр╕▓р╣Ар╕бр╕Щ #р╕нр╕╣р╕Фр╣Йр╕З #р╕лр╕бр╕╣р╕Кр╕▓р╕Кр╕╣ #ramen #yummy #р╕нр╕▓р╕лр╕▓р╕гр╕Нр╕╡р╣Ир╕Ыр╕╕р╣Ир╕Щ #р╕гр╕╡р╕зр╕┤р╕зр╕Кр╕ер╕Ър╕╕р╕гр╕╡ #р╕Ър╕▓р╕Зр╣Бр╕кр╕Щ #Thailand
#р╕нр╕▓р╕лр╕▓р╕гр╕Ир╕▓р╕Щр╣Вр╕Ыр╕гр╕Ф #Foodanddrink
#р╕гр╕╡р╕зр╕┤р╕зр╕Вр╕нр╕Зр╕Бр╕┤р╕Щ #р╕гр╕╡р╕зр╕┤р╕зр╕нр╕▓р╕лр╕▓р╕г
#р╕гр╕╡р╕зр╕┤р╕зр╕нр╕гр╣Ир╕нр╕в #р╕нр╕гр╣Ир╕нр╕вр╕Ър╕нр╕Бр╕Хр╣Ир╕н #р╕нр╕гр╣Ир╕нр╕вр╣Др╕Ыр╣Бр╕Фр╕Б
#р╕нр╕гр╣Ир╕нр╕вр╣Др╕Ыр╕Бр╕┤р╕Щ #р╕нр╕гр╣Ир╕нр╕вр╕Ир╕Щр╕Хр╣Йр╕нр╕Зр╕гр╕╡р╕зр╕┤р╕з
#р╣Ар╕бр╕Щр╕╣р╕нр╕гр╣Ир╕нр╕в #р╕нр╕гр╣Ир╕нр╕вр╕Ир╕гр╕┤р╕Зр╕гр╕╡р╕зр╕┤р╕з #WorldFood #japanfood #Delicious #р╣Ар╕бр╕Щр╕╣р╣Ар╕кр╣Йр╕Щ https://t.co/6c65z6NjJz"
61,"#р╕Вр╣Йр╕▓р╕зр╕Ьр╕▒р╕Фр╕Хр╣Йр╕бр╕вр╕│р╕Бр╕╕р╣Йр╕З #р╕Вр╣Йр╕▓р╕зр╕Ьр╕▒р╕Ф #р╕Вр╣Йр╕▓р╕зр╕Ьр╕▒р╕Фр╕Чр╕░р╣Ар╕е #seafood 
#р╕гр╕╡р╕зр╕┤р╕зр╕Бр╕гр╕╕р╕Зр╣Ар╕Чр╕Ю #bangkok
#Thailand
#р╕нр╕▓р╕лр╕▓р╕гр╕Ир╕▓р╕Щр╣Вр╕Ыр╕гр╕Ф #FoodAndDrink
#р╕нр╕▓р╕лр╕▓р╕г #Food
#р╕гр╕╡р╕зр╕┤р╕зр╕Вр╕нр╕Зр╕Бр╕┤р╕Щ #р╕гр╕╡р╕зр╕┤р╕зр╕нр╕▓р╕лр╕▓р╕г
#р╕гр╕╡р╕зр╕┤р╕зр╕нр╕гр╣Ир╕нр╕в #р╕нр╕гр╣Ир╕нр╕вр╕Ър╕нр╕Бр╕Хр╣Ир╕н #р╕нр╕гр╣Ир╕нр╕вр╣Др╕Ыр╣Бр╕Фр╕Б
#р╕нр╕гр╣Ир╕нр╕вр╣Др╕Ыр╕Бр╕┤р╕Щ 
#р╣Ар╕бр╕Щр╕╣р╣Ар╕Фр╣Зр╕Ф #р╣Ар╕бр╕Щр╕╣р╕нр╕гр╣Ир╕нр╕в #р╕нр╕гр╣Ир╕нр╕вр╕Ир╕гр╕┤р╕Зр╕гр╕╡р╕зр╕┤р╕з #р╕Ир╕▓р╕Щр╣Ар╕Фр╣Зр╕Ф #WorldFood #ThaiFood #Delicious https://t.co/9ku3QY3rH1"
62,RT @raochobgin: р╕Др╕гр╕▒р╕зр╕лр╣Йр╕зр╕вр╕Чр╕гр╕▓р╕в р╕лр╕▒р╕зр╕лр╕┤р╕Щ р╕нр╕▓р╕лр╕▓р╕гр╕нр╕гр╣Ир╕нр╕в р╕кр╕Ф р╕гр╕▓р╕Др╕▓р╕Фр╕╡ р╕Др╕Щр╣Ар╕вр╕нр╕░р╕бр╕▓р╕Б р╣Бр╕Хр╣Ир╕Др╕┤р╕зр╣Ар╕гр╣Зр╕зр╕бр╕▓р╕Бр╣Ар╕лр╕бр╕╖р╕нр╕Щр╕Бр╕▒р╕Щр╣Ар╕Юр╕гр╕▓р╕░р╕гр╣Йр╕▓р╕Щр╣Гр╕лр╕Нр╣Ир╕нр╕вр╕╣р╣Ир╕Щр╕░ р╕Бр╕┤р╕Щр╣Бр╕ер╣Йр╕зр╕Ыр╕гр╕░р╕Чр╕▒р╕Ър╣Гр╕И #р╕гр╕╡р╕зр╕┤р╕зр╕нр╕▓р╕лр╕▓р╕г #р╕нтАж
63,"RT @petitepenne: р╕гр╣Йр╕▓р╕Щр╕ер╕▒р╕Ър╕нр╕вр╕╕р╕Шр╕вр╕▓ р╕Др╕гр╕▒р╕зр╕Юр╕др╕Бр╕Шр╕▓р╕гр╕▓ЁЯТР
р╣Ар╕бр╕Щр╕╣р╣Ар╕Фр╣Зр╕Фр╕Др╕╖р╕нр╕Бр╕╕р╣Йр╕Зр╣Ар╕Ьр╕▓р╣Ар╕ер╕в р╕нр╕гр╣Ир╕нр╕вр╕бр╕▓р╕Бр╕Бр╕Б р╕Чр╕╡р╣Ир╕кр╕│р╕Др╕▒р╕Нр╕гр╕▓р╕Др╕▓р╣Др╕бр╣Ир╣Бр╕Юр╕Зр╕Фр╣Йр╕зр╕в р╕кр╕Ър╕▓р╕вр╕Бр╕гр╕░р╣Ар╕Ыр╣Лр╕▓р╕кр╕╕р╕Ф р╕гр╣Йр╕▓р╕Щр╕Ър╕гр╕гр╕вр╕▓р╕Бр╕▓р╕ир╕Фр╕╡ р╕бр╕▓р╕Хр╕нр╕Щр╣Ар╕вр╣Зр╕ЩтАж"
64,"р╣Ар╕гр╕▓р╕Ир╕░р╕бр╕▓р╕гр╕╡р╕зр╕┤р╕зр╣Ар╕бр╕Щр╕╣р╕Чр╕╡р╣Ир╣Др╕бр╣Ир╕Др╕зр╕гр╕Юр╕ер╕▓р╕Фр╕Вр╕нр╕З тЬи ЁЭТЮЁЭСЬЁЭУЕЁЭУЕЁЭСТЁЭУЗ ЁЭР╡ЁЭУКЁЭТ╗ЁЭТ╗ЁЭСТЁЭУЙ тЬи р╕Др╣Ир╕░
@aroii @aroiipaiadk #р╕нр╕гр╣Ир╕нр╕в #р╕нр╕гр╣Ир╕нр╕вр╣Др╕Ыр╣Ар╣Ар╕Фр╕Б #р╕гр╕╡р╕зр╕┤р╕зр╕нр╕▓р╕лр╕▓р╕г https://t.co/tIxgyHKhSf"
65,"RT @lwAyP5hSMT5fM9d: р╣Бр╕Ыр╕░р╣Др╕зр╣Йр╕кр╣Ир╕нр╕ЗЁЯУМ

тЧ╛р╕Др╕зр╕▓р╕бр╕Зр╕▓р╕б
#р╕гр╕╡р╕зр╕┤р╕зр╕кр╕Бр╕┤р╕Щр╣Бр╕Др╕гр╣М 
#р╕гр╕╡р╕зр╕┤р╕зр╣Ар╕Лр╣Ар╕зр╣Ир╕Щ 
#р╕Йр╕▒р╕Щр╕Ир╕░р╕Вр╕▓р╕з 
#р╕Йр╕▒р╕Щр╕Ир╕░р╕Ьр╕нр╕б 
#р╕Йр╕▒р╕Щр╕Ир╕░р╕кр╕зр╕в 
#howtoperfact 
#HowtoBeauty 
 
тЧ╛р╣АтАж"
66,"RT @hataipat70: р╕зр╕▓р╕м р╕Кр╕▓р╕Щр╕б р╕кр╕▓р╕Вр╕▓р╕нр╕╕р╕Ър╕ер╕гр╕▓р╕Кр╕Шр╕▓р╕Щр╕╡-р╣Ар╕кр╣Йр╕Щр╕лр╕Щр╣Йр╕▓р╣Вр╕гр╕Зр╣Ар╕гр╕╡р╕вр╕Щр╣Ар╕Ър╣Зр╕Нр╕Ир╕░р╕бр╕░р╕п Whale Milktea 
р╕гр╣Йр╕▓р╕Щр╕Кр╕▓р╕Щр╕б р╕зр╕▓р╕м р╕бр╕╡р╕кр╕▓р╕Вр╕▓ р╕И.р╕нр╕╕р╕Ър╕е р╕Фр╣Йр╕зр╕вр╕Щр╕░ р╕Др╕╖р╕нр╕Фр╕╡ р╕гр╣Йр╕▓р╕Щр╕Лр╕╕р╣Йр╕бр╣Ар╕ер╣Зр╕Бр╣Ж р╣Вр╕Чр╕ЩтАж"
67,"RT @lwAyP5hSMT5fM9d: р╣Бр╕Ыр╕░р╣Др╕зр╣Йр╕кр╣Ир╕нр╕ЗЁЯУМ

тЧ╛р╕Др╕зр╕▓р╕бр╕Зр╕▓р╕б
#р╕гр╕╡р╕зр╕┤р╕зр╕кр╕Бр╕┤р╕Щр╣Бр╕Др╕гр╣М 
#р╕гр╕╡р╕зр╕┤р╕зр╣Ар╕Лр╣Ар╕зр╣Ир╕Щ 
#р╕Йр╕▒р╕Щр╕Ир╕░р╕Вр╕▓р╕з 
#р╕Йр╕▒р╕Щр╕Ир╕░р╕Ьр╕нр╕б 
#р╕Йр╕▒р╕Щр╕Ир╕░р╕кр╕зр╕в 
#howtoperfact 
#HowtoBeauty 
 
тЧ╛р╣АтАж"
68,"RT @hataipat70: р╕зр╕▓р╕м р╕Кр╕▓р╕Щр╕б р╕кр╕▓р╕Вр╕▓р╕нр╕╕р╕Ър╕ер╕гр╕▓р╕Кр╕Шр╕▓р╕Щр╕╡-р╣Ар╕кр╣Йр╕Щр╕лр╕Щр╣Йр╕▓р╣Вр╕гр╕Зр╣Ар╕гр╕╡р╕вр╕Щр╣Ар╕Ър╣Зр╕Нр╕Ир╕░р╕бр╕░р╕п Whale Milktea 
р╕гр╣Йр╕▓р╕Щр╕Кр╕▓р╕Щр╕б р╕зр╕▓р╕м р╕бр╕╡р╕кр╕▓р╕Вр╕▓ р╕И.р╕нр╕╕р╕Ър╕е р╕Фр╣Йр╕зр╕вр╕Щр╕░ р╕Др╕╖р╕нр╕Фр╕╡ р╕гр╣Йр╕▓р╕Щр╕Лр╕╕р╣Йр╕бр╣Ар╕ер╣Зр╕Бр╣Ж р╣Вр╕Чр╕ЩтАж"
69,"р╕Вр╣Ир╕▓р╕зр╕Фр╕╡р╕Ыр╕гр╕░р╣Ар╕Чр╕ир╣Др╕Чр╕в р╣Ар╕бр╕╖р╣Ир╕нр╣Ар╕зр╣Зр╕Ър╣Др╕Лр╕Хр╣М Tripadvisor р╕Ир╕▒р╕Фр╕нр╕▒р╕Щр╕Фр╕▒р╕Ър╣Гр╕лр╣Йр╕Бр╕гр╕╕р╕Зр╣Ар╕Чр╕Юр╕п р╕нр╕▒р╕Щр╕Фр╕▒р╕Ър╕Чр╕╡р╣И 13 р╕Вр╕нр╕Зр╣Вр╕ер╕Бр╣Гр╕Щр╕Ыр╕гр╕░р╣Ар╕ар╕Ч р╕Чр╕╡р╣Ир╕кр╕╕р╕Фр╕Вр╕нр╕Зр╕Ир╕╕р╕Фр╕бр╕╕р╣Ир╕Зр╕лр╕бр╕▓р╕вр╕Ыр╕ер╕▓р╕вр╕Чр╕▓р╕Зр╕Фр╣Йр╕▓р╕Щр╕нр╕▓р╕лр╕▓р╕г (Best Food Destination) р╕Ыр╕гр╕░р╕Ир╕│р╕Ыр╕╡ 2566 р╕Ир╕▓р╕Бр╕Бр╕▓р╕гр╕гр╕╡р╕зр╕┤р╕зр╕Вр╕нр╕Зр╕Щр╕▒р╕Бр╕Чр╣Ир╕нр╕Зр╣Ар╕Чр╕╡р╣Ир╕вр╕з-р╕Щр╕▒р╕Бр╕Кр╕┤р╕б р╕Чр╕▒р╣Ир╕зр╣Вр╕ер╕Б
#Tripadvisor #р╕Др╕бр╕Кр╕▒р╕Фр╕ер╕╢р╕Б #р╕нр╕▓р╕лр╕▓р╕г  #р╕гр╕╡р╕зр╕┤р╕зр╕нр╕▓р╕лр╕▓р╕г 
https://t.co/RpkYGIcxNC"
70,"р╕Вр╣Ир╕▓р╕зр╕Фр╕╡р╕Ыр╕гр╕░р╣Ар╕Чр╕ир╣Др╕Чр╕в р╣Ар╕бр╕╖р╣Ир╕нр╣Ар╕зр╣Зр╕Ър╣Др╕Лр╕Хр╣М Tripadvisor р╕Ир╕▒р╕Фр╕нр╕▒р╕Щр╕Фр╕▒р╕Ър╣Гр╕лр╣Йр╕Бр╕гр╕╕р╕Зр╣Ар╕Чр╕Юр╕п р╕нр╕▒р╕Щр╕Фр╕▒р╕Ър╕Чр╕╡р╣И 13 р╕Вр╕нр╕Зр╣Вр╕ер╕Бр╣Гр╕Щр╕Ыр╕гр╕░р╣Ар╕ар╕Ч р╕Чр╕╡р╣Ир╕кр╕╕р╕Фр╕Вр╕нр╕Зр╕Ир╕╕р╕Фр╕бр╕╕р╣Ир╕Зр╕лр╕бр╕▓р╕вр╕Ыр╕ер╕▓р╕вр╕Чр╕▓р╕Зр╕Фр╣Йр╕▓р╕Щр╕нр╕▓р╕лр╕▓р╕г (Best Food Destination) р╕Ыр╕гр╕░р╕Ир╕│р╕Ыр╕╡ 2566 р╕Ир╕▓р╕Бр╕Бр╕▓р╕гр╕гр╕╡р╕зр╕┤р╕зр╕Вр╕нр╕Зр╕Щр╕▒р╕Бр╕Чр╣Ир╕нр╕Зр╣Ар╕Чр╕╡р╣Ир╕вр╕з-р╕Щр╕▒р╕Бр╕Кр╕┤р╕б р╕Чр╕▒р╣Ир╕зр╣Вр╕ер╕Б
#Tripadvisor #р╕Др╕бр╕Кр╕▒р╕Фр╕ер╕╢р╕Б #р╕нр╕▓р╕лр╕▓р╕г  #р╕гр╕╡р╕зр╕┤р╕зр╕нр╕▓р╕лр╕▓р╕г 
https://t.co/cDMAU781bT"
71,"RT @lwAyP5hSMT5fM9d: р╣Бр╕Ыр╕░р╣Др╕зр╣Йр╕кр╣Ир╕нр╕ЗЁЯУМ

тЧ╛р╕Др╕зр╕▓р╕бр╕Зр╕▓р╕б
#р╕гр╕╡р╕зр╕┤р╕зр╕кр╕Бр╕┤р╕Щр╣Бр╕Др╕гр╣М 
#р╕гр╕╡р╕зр╕┤р╕зр╣Ар╕Лр╣Ар╕зр╣Ир╕Щ 
#р╕Йр╕▒р╕Щр╕Ир╕░р╕Вр╕▓р╕з 
#р╕Йр╕▒р╕Щр╕Ир╕░р╕Ьр╕нр╕б 
#р╕Йр╕▒р╕Щр╕Ир╕░р╕кр╕зр╕в 
#howtoperfact 
#HowtoBeauty 
 
тЧ╛р╣АтАж"
72,"RT @lwAyP5hSMT5fM9d: р╣Бр╕Ыр╕░р╣Др╕зр╣Йр╕кр╣Ир╕нр╕ЗЁЯУМ

тЧ╛р╕Др╕зр╕▓р╕бр╕Зр╕▓р╕б
#р╕гр╕╡р╕зр╕┤р╕зр╕кр╕Бр╕┤р╕Щр╣Бр╕Др╕гр╣М 
#р╕гр╕╡р╕зр╕┤р╕зр╣Ар╕Лр╣Ар╕зр╣Ир╕Щ 
#р╕Йр╕▒р╕Щр╕Ир╕░р╕Вр╕▓р╕з 
#р╕Йр╕▒р╕Щр╕Ир╕░р╕Ьр╕нр╕б 
#р╕Йр╕▒р╕Щр╕Ир╕░р╕кр╕зр╕в 
#howtoperfact 
#HowtoBeauty 
 
тЧ╛р╣АтАж"
73,"RT @hataipat70: р╕зр╕▓р╕м р╕Кр╕▓р╕Щр╕б р╕кр╕▓р╕Вр╕▓р╕нр╕╕р╕Ър╕ер╕гр╕▓р╕Кр╕Шр╕▓р╕Щр╕╡-р╣Ар╕кр╣Йр╕Щр╕лр╕Щр╣Йр╕▓р╣Вр╕гр╕Зр╣Ар╕гр╕╡р╕вр╕Щр╣Ар╕Ър╣Зр╕Нр╕Ир╕░р╕бр╕░р╕п Whale Milktea 
р╕гр╣Йр╕▓р╕Щр╕Кр╕▓р╕Щр╕б р╕зр╕▓р╕м р╕бр╕╡р╕кр╕▓р╕Вр╕▓ р╕И.р╕нр╕╕р╕Ър╕е р╕Фр╣Йр╕зр╕вр╕Щр╕░ р╕Др╕╖р╕нр╕Фр╕╡ р╕гр╣Йр╕▓р╕Щр╕Лр╕╕р╣Йр╕бр╣Ар╕ер╣Зр╕Бр╣Ж р╣Вр╕Чр╕ЩтАж"
74,RT @raochobgin: р╕Др╕гр╕▒р╕зр╕лр╣Йр╕зр╕вр╕Чр╕гр╕▓р╕в р╕лр╕▒р╕зр╕лр╕┤р╕Щ р╕нр╕▓р╕лр╕▓р╕гр╕нр╕гр╣Ир╕нр╕в р╕кр╕Ф р╕гр╕▓р╕Др╕▓р╕Фр╕╡ р╕Др╕Щр╣Ар╕вр╕нр╕░р╕бр╕▓р╕Б р╣Бр╕Хр╣Ир╕Др╕┤р╕зр╣Ар╕гр╣Зр╕зр╕бр╕▓р╕Бр╣Ар╕лр╕бр╕╖р╕нр╕Щр╕Бр╕▒р╕Щр╣Ар╕Юр╕гр╕▓р╕░р╕гр╣Йр╕▓р╕Щр╣Гр╕лр╕Нр╣Ир╕нр╕вр╕╣р╣Ир╕Щр╕░ р╕Бр╕┤р╕Щр╣Бр╕ер╣Йр╕зр╕Ыр╕гр╕░р╕Чр╕▒р╕Ър╣Гр╕И #р╕гр╕╡р╕зр╕┤р╕зр╕нр╕▓р╕лр╕▓р╕г #р╕нтАж
75,"ЁЯеЫр╣Ар╕Хр╣Йр╕▓р╕лр╕╣р╣Йр╕Щр╕бр╕кр╕Фр╣Гр╕Щр╕Хр╕│р╕Щр╕▓р╕Щр╕Чр╕╡р╣Ир╕нр╕гр╣Ир╕нр╕вр╕Чр╕╡р╣Ир╕кр╕╕р╕ФЁЯШН

ЁЯОпр╕Юр╕┤р╕Бр╕▒р╕Ф : Facebookр╣Ар╕Хр╣Йр╕▓р╕лр╕╣р╣Йр╕Щр╕бр╕кр╕Ф р╕вр╕╣р╣Ар╕гр╕Бр╕зр╕▓р╕Щ

#р╣Ар╕Хр╣Йр╕▓р╕лр╕╣р╣Йр╕Щр╕бр╕кр╕Ф #р╣Ар╕Хр╣Йр╕▓р╕лр╕╣р╣Йр╕Щр╕бр╕кр╕Фр╕вр╕╣р╣Ар╕гр╕Бр╕зр╕▓р╕Щ 
#р╕вр╕╣р╣Ар╕гр╕Бр╕зр╕▓р╕Щ #р╣Ар╕Хр╣Йр╕▓р╕лр╕╣р╣Йр╕Щр╕бр╕кр╕ФЁЯС╕ #р╕Вр╕Щр╕бр╕нр╕гр╣Ир╕нр╕в 
#р╕Вр╕Щр╕бр╕нр╕гр╣Ир╕нр╕вр╕Ър╕нр╕Бр╕Хр╣Ир╕н #р╕гр╕╡р╕зр╕┤р╕зр╕нр╕▓р╕лр╕▓р╕г 
#р╣Ар╕Хр╣Йр╕▓р╕лр╕╣р╣Йр╕Щр╕бр╕кр╕Фр╕Чр╕╡р╣Ир╕нр╕гр╣Ир╕нр╕вр╕Чр╕╡р╣Ир╕кр╕╕р╕Ф https://t.co/Xa2jOnGqkX"
76,"RT @hataipat70: р╕зр╕▓р╕м р╕Кр╕▓р╕Щр╕б р╕кр╕▓р╕Вр╕▓р╕нр╕╕р╕Ър╕ер╕гр╕▓р╕Кр╕Шр╕▓р╕Щр╕╡-р╣Ар╕кр╣Йр╕Щр╕лр╕Щр╣Йр╕▓р╣Вр╕гр╕Зр╣Ар╕гр╕╡р╕вр╕Щр╣Ар╕Ър╣Зр╕Нр╕Ир╕░р╕бр╕░р╕п Whale Milktea 
р╕гр╣Йр╕▓р╕Щр╕Кр╕▓р╕Щр╕б р╕зр╕▓р╕м р╕бр╕╡р╕кр╕▓р╕Вр╕▓ р╕И.р╕нр╕╕р╕Ър╕е р╕Фр╣Йр╕зр╕вр╕Щр╕░ р╕Др╕╖р╕нр╕Фр╕╡ р╕гр╣Йр╕▓р╕Щр╕Лр╕╕р╣Йр╕бр╣Ар╕ер╣Зр╕Бр╣Ж р╣Вр╕Чр╕ЩтАж"
77,"р╕зр╕▓р╕м р╕Кр╕▓р╕Щр╕б р╕кр╕▓р╕Вр╕▓р╕нр╕╕р╕Ър╕ер╕гр╕▓р╕Кр╕Шр╕▓р╕Щр╕╡-р╣Ар╕кр╣Йр╕Щр╕лр╕Щр╣Йр╕▓р╣Вр╕гр╕Зр╣Ар╕гр╕╡р╕вр╕Щр╣Ар╕Ър╣Зр╕Нр╕Ир╕░р╕бр╕░р╕п Whale Milktea 
р╕гр╣Йр╕▓р╕Щр╕Кр╕▓р╕Щр╕б р╕зр╕▓р╕м р╕бр╕╡р╕кр╕▓р╕Вр╕▓ р╕И.р╕нр╕╕р╕Ър╕е р╕Фр╣Йр╕зр╕вр╕Щр╕░ р╕Др╕╖р╕нр╕Фр╕╡ р╕гр╣Йр╕▓р╕Щр╕Лр╕╕р╣Йр╕бр╣Ар╕ер╣Зр╕Бр╣Ж р╣Вр╕Чр╕Щр╕кр╕╡р╕Вр╕▓р╕з р╕Щр╣Йр╕│р╣Ар╕Зр╕┤р╕Щ р╕бр╕┤р╕Щр╕┤р╕бр╕нр╕е р╕Щр╣Ир╕▓р╕гр╕▒р╕Б р╕Щр╣Ир╕▓р╕Цр╣Ир╕▓р╕вр╕гр╕╣р╕Ы р╕гр╕▓р╕Др╕▓р╕Цр╕╣р╕Бр╕бр╕▓р╕Б р╣Ар╕бр╕Щр╕╣р╕лр╕ер╕▓р╕Бр╕лр╕ер╕▓р╕в р╕гр╕кр╕Кр╕▓р╕Хр╕┤р╕нр╕гр╣Ир╕нр╕в 
#р╕гр╕╡р╕зр╕┤р╕зр╕нр╕╕р╕Ър╕е #reviewubon @aroii #р╕гр╕╡р╕зр╕┤р╕зр╕Др╕▓р╣Ар╕Яр╣И #р╕гр╕╡р╕зр╕┤р╕зр╕нр╕▓р╕лр╕▓р╕г #fatcatreview https://t.co/iASP4OfFCC"
78,"RT @lwAyP5hSMT5fM9d: р╣Бр╕Ыр╕░р╣Др╕зр╣Йр╕кр╣Ир╕нр╕ЗЁЯУМ

тЧ╛р╕Др╕зр╕▓р╕бр╕Зр╕▓р╕б
#р╕гр╕╡р╕зр╕┤р╕зр╕кр╕Бр╕┤р╕Щр╣Бр╕Др╕гр╣М 
#р╕гр╕╡р╕зр╕┤р╕зр╣Ар╕Лр╣Ар╕зр╣Ир╕Щ 
#р╕Йр╕▒р╕Щр╕Ир╕░р╕Вр╕▓р╕з 
#р╕Йр╕▒р╕Щр╕Ир╕░р╕Ьр╕нр╕б 
#р╕Йр╕▒р╕Щр╕Ир╕░р╕кр╕зр╕в 
#howtoperfact 
#HowtoBeauty 
 
тЧ╛р╣АтАж"
79,"р╕Вр╣Йр╕▓р╕зр╣Ар╕Бр╕гр╕╡р╕вр╕Ъ р╣Бр╕Ьр╣Ир╕Щр╣Ар╕ер╣Зр╕Б (р╕Фр╕┤р╕Ъ) 500 р╕Бр╕гр╕▒р╕б  р╣Вр╕Ыр╕г 1 р╣Бр╕Цр╕б 1 р╕кр╕│р╕лр╕гр╕▒р╕Ър╕Щр╕│р╣Др╕Ыр╕Чр╕нр╕Ф
р╕нр╕гр╣Ир╕нр╕вр╕Зр╣Ир╕▓р╕в р╕Вр╕▓р╕вр╕Др╕╕р╣Йр╕б #р╕Вр╣Йр╕▓р╕зр╣Ар╕Бр╕гр╕╡р╕вр╕Ъ #р╕нр╕гр╣Ир╕нр╕вр╕Ър╕нр╕Бр╕Хр╣Ир╕н #р╕кр╕гр╣Йр╕▓р╕Зр╕нр╕▓р╕Кр╕╡р╕Ю #р╕нр╕гр╣Ир╕нр╕вр╕Яр╕┤р╕Щ #р╕Вр╕нр╕Зр╕Чр╕нр╕Ф #р╕гр╕╡р╕зр╕┤р╕зр╕нр╕▓р╕лр╕▓р╕г #tiktokр╕Юр╕▓р╕Бр╕┤р╕Щ #р╕Ы.р╣Ар╕Бр╕гр╕╡р╕вр╕Ър╕Бр╕╕р╣Йр╕З https://t.co/B86avTS5qE"
